episode_reward_max,episode_reward_min,episode_reward_mean,episode_len_mean,episodes_this_iter,num_healthy_workers,num_agent_steps_sampled,num_agent_steps_trained,num_env_steps_sampled,num_env_steps_trained,num_env_steps_sampled_this_iter,num_env_steps_trained_this_iter,timesteps_total,agent_timesteps_total,done,episodes_total,training_iteration,trial_id,experiment_id,date,timestamp,time_this_iter_s,time_total_s,pid,hostname,node_ip,time_since_restore,timesteps_since_restore,iterations_since_restore,warmup_time,info/num_env_steps_sampled,info/num_env_steps_trained,info/num_agent_steps_sampled,info/num_agent_steps_trained,sampler_results/episode_reward_max,sampler_results/episode_reward_min,sampler_results/episode_reward_mean,sampler_results/episode_len_mean,sampler_results/episodes_this_iter,hist_stats/episode_reward,hist_stats/episode_lengths,sampler_perf/mean_raw_obs_processing_ms,sampler_perf/mean_inference_ms,sampler_perf/mean_action_processing_ms,sampler_perf/mean_env_wait_ms,sampler_perf/mean_env_render_ms,timers/training_iteration_time_ms,timers/load_time_ms,timers/load_throughput,timers/learn_time_ms,timers/learn_throughput,timers/update_time_ms,counters/num_env_steps_sampled,counters/num_env_steps_trained,counters/num_agent_steps_sampled,counters/num_agent_steps_trained,perf/cpu_util_percent,perf/ram_util_percent,sampler_results/hist_stats/episode_reward,sampler_results/hist_stats/episode_lengths,sampler_results/sampler_perf/mean_raw_obs_processing_ms,sampler_results/sampler_perf/mean_inference_ms,sampler_results/sampler_perf/mean_action_processing_ms,sampler_results/sampler_perf/mean_env_wait_ms,sampler_results/sampler_perf/mean_env_render_ms,info/learner/default_policy/learner_stats/cur_kl_coeff,info/learner/default_policy/learner_stats/cur_lr,info/learner/default_policy/learner_stats/total_loss,info/learner/default_policy/learner_stats/policy_loss,info/learner/default_policy/learner_stats/vf_loss,info/learner/default_policy/learner_stats/vf_explained_var,info/learner/default_policy/learner_stats/kl,info/learner/default_policy/learner_stats/entropy,info/learner/default_policy/learner_stats/entropy_coeff
-614.0,-929.0,-757.55,200.0,20,1,4000,4000,4000,4000,4000,4000,4000,4000,False,20,1,062f6_00000,b66eb885e4cc43429169bd88b2aa2a5e,2022-07-08_07-30-42,1657258242,20.241295337677002,20.241295337677002,16572,sassauna2.ee.ethz.ch,129.132.4.155,20.241295337677002,0,1,8.778218746185303,4000,4000,4000,4000,-614.0,-929.0,-757.55,200.0,20,"[-704.0, -758.0, -632.0, -929.0, -785.0, -812.0, -803.0, -686.0, -731.0, -731.0, -614.0, -857.0, -740.0, -785.0, -740.0, -731.0, -830.0, -812.0, -695.0, -776.0]","[200, 200, 200, 200, 200, 200, 200, 200, 200, 200, 200, 200, 200, 200, 200, 200, 200, 200, 200, 200]",0.08111511341067319,0.9201540705026077,0.04924979397011709,0.055464706668791795,0.0,20229.327,7.633,524025.987,15676.16,255.165,5.456,4000,4000,4000,4000,4.13103448275862,8.703448275862065,"[-704.0, -758.0, -632.0, -929.0, -785.0, -812.0, -803.0, -686.0, -731.0, -731.0, -614.0, -857.0, -740.0, -785.0, -740.0, -731.0, -830.0, -812.0, -695.0, -776.0]","[200, 200, 200, 200, 200, 200, 200, 200, 200, 200, 200, 200, 200, 200, 200, 200, 200, 200, 200, 200]",0.08111511341067319,0.9201540705026077,0.04924979397011709,0.055464706668791795,0.0,0.20000000000000004,5.0000000000000016e-05,9.935512394033452,-0.005471864571013758,9.940028747435539,-0.0004382734978070823,0.004777633195626266,1.7869457753755713,0.0
-614.0,-929.0,-739.55,200.0,20,1,8000,8000,8000,8000,4000,4000,8000,8000,False,40,2,062f6_00000,b66eb885e4cc43429169bd88b2aa2a5e,2022-07-08_07-31-02,1657258262,20.769636154174805,41.01093149185181,16572,sassauna2.ee.ethz.ch,129.132.4.155,41.01093149185181,0,2,8.778218746185303,8000,8000,8000,8000,-614.0,-929.0,-739.55,200.0,20,"[-704.0, -758.0, -632.0, -929.0, -785.0, -812.0, -803.0, -686.0, -731.0, -731.0, -614.0, -857.0, -740.0, -785.0, -740.0, -731.0, -830.0, -812.0, -695.0, -776.0, -776.0, -677.0, -713.0, -749.0, -785.0, -614.0, -668.0, -632.0, -614.0, -713.0, -713.0, -749.0, -785.0, -650.0, -731.0, -776.0, -821.0, -803.0, -758.0, -704.0]","[200, 200, 200, 200, 200, 200, 200, 200, 200, 200, 200, 200, 200, 200, 200, 200, 200, 200, 200, 200, 200, 200, 200, 200, 200, 200, 200, 200, 200, 200, 200, 200, 200, 200, 200, 200, 200, 200, 200, 200]",0.08089655889621723,0.921782838094407,0.049211913525173956,0.05555834333592036,0.0,20495.657,5.657,707138.564,15951.981,250.753,5.124,8000,8000,8000,8000,4.216666666666667,8.699999999999998,"[-704.0, -758.0, -632.0, -929.0, -785.0, -812.0, -803.0, -686.0, -731.0, -731.0, -614.0, -857.0, -740.0, -785.0, -740.0, -731.0, -830.0, -812.0, -695.0, -776.0, -776.0, -677.0, -713.0, -749.0, -785.0, -614.0, -668.0, -632.0, -614.0, -713.0, -713.0, -749.0, -785.0, -650.0, -731.0, -776.0, -821.0, -803.0, -758.0, -704.0]","[200, 200, 200, 200, 200, 200, 200, 200, 200, 200, 200, 200, 200, 200, 200, 200, 200, 200, 200, 200, 200, 200, 200, 200, 200, 200, 200, 200, 200, 200, 200, 200, 200, 200, 200, 200, 200, 200, 200, 200]",0.08089655889621723,0.921782838094407,0.049211913525173956,0.05555834333592036,0.0,0.10000000000000002,5.0000000000000016e-05,9.90595489830099,-0.03165408336026694,9.936116490312802,2.487058280616678e-05,0.01492495351270271,1.752992869192554,0.0
-542.0,-929.0,-708.45,200.0,20,1,12000,12000,12000,12000,4000,4000,12000,12000,False,60,3,062f6_00000,b66eb885e4cc43429169bd88b2aa2a5e,2022-07-08_07-31-23,1657258283,20.96196985244751,61.972901344299316,16572,sassauna2.ee.ethz.ch,129.132.4.155,61.972901344299316,0,3,8.778218746185303,12000,12000,12000,12000,-542.0,-929.0,-708.45,200.0,20,"[-704.0, -758.0, -632.0, -929.0, -785.0, -812.0, -803.0, -686.0, -731.0, -731.0, -614.0, -857.0, -740.0, -785.0, -740.0, -731.0, -830.0, -812.0, -695.0, -776.0, -776.0, -677.0, -713.0, -749.0, -785.0, -614.0, -668.0, -632.0, -614.0, -713.0, -713.0, -749.0, -785.0, -650.0, -731.0, -776.0, -821.0, -803.0, -758.0, -704.0, -623.0, -569.0, -641.0, -605.0, -650.0, -650.0, -611.0, -641.0, -731.0, -650.0, -668.0, -569.0, -803.0, -722.0, -623.0, -614.0, -542.0, -641.0, -713.0, -659.0]","[200, 200, 200, 200, 200, 200, 200, 200, 200, 200, 200, 200, 200, 200, 200, 200, 200, 200, 200, 200, 200, 200, 200, 200, 200, 200, 200, 200, 200, 200, 200, 200, 200, 200, 200, 200, 200, 200, 200, 200, 200, 200, 200, 200, 200, 200, 200, 200, 200, 200, 200, 200, 200, 200, 200, 200, 200, 200, 200, 200]",0.08068374545444112,0.9218376130007677,0.049155445355304445,0.055566568033039915,0.0,20648.177,5.805,689002.71,16114.405,248.225,5.055,12000,12000,12000,12000,4.123333333333334,8.699999999999998,"[-704.0, -758.0, -632.0, -929.0, -785.0, -812.0, -803.0, -686.0, -731.0, -731.0, -614.0, -857.0, -740.0, -785.0, -740.0, -731.0, -830.0, -812.0, -695.0, -776.0, -776.0, -677.0, -713.0, -749.0, -785.0, -614.0, -668.0, -632.0, -614.0, -713.0, -713.0, -749.0, -785.0, -650.0, -731.0, -776.0, -821.0, -803.0, -758.0, -704.0, -623.0, -569.0, -641.0, -605.0, -650.0, -650.0, -611.0, -641.0, -731.0, -650.0, -668.0, -569.0, -803.0, -722.0, -623.0, -614.0, -542.0, -641.0, -713.0, -659.0]","[200, 200, 200, 200, 200, 200, 200, 200, 200, 200, 200, 200, 200, 200, 200, 200, 200, 200, 200, 200, 200, 200, 200, 200, 200, 200, 200, 200, 200, 200, 200, 200, 200, 200, 200, 200, 200, 200, 200, 200, 200, 200, 200, 200, 200, 200, 200, 200, 200, 200, 200, 200, 200, 200, 200, 200, 200, 200, 200, 200]",0.08068374545444112,0.9218376130007677,0.049155445355304445,0.055566568033039915,0.0,0.10000000000000002,5.0000000000000016e-05,9.859552919736473,-0.036390766845915905,9.894475249833958,0.0009093496427741102,0.014684399389272776,1.720565128326416,0.0
-470.0,-929.0,-690.9125,200.0,20,1,16000,16000,16000,16000,4000,4000,16000,16000,False,80,4,062f6_00000,b66eb885e4cc43429169bd88b2aa2a5e,2022-07-08_07-31-47,1657258307,23.37040400505066,85.34330534934998,16572,sassauna2.ee.ethz.ch,129.132.4.155,85.34330534934998,0,4,8.778218746185303,16000,16000,16000,16000,-470.0,-929.0,-690.9125,200.0,20,"[-704.0, -758.0, -632.0, -929.0, -785.0, -812.0, -803.0, -686.0, -731.0, -731.0, -614.0, -857.0, -740.0, -785.0, -740.0, -731.0, -830.0, -812.0, -695.0, -776.0, -776.0, -677.0, -713.0, -749.0, -785.0, -614.0, -668.0, -632.0, -614.0, -713.0, -713.0, -749.0, -785.0, -650.0, -731.0, -776.0, -821.0, -803.0, -758.0, -704.0, -623.0, -569.0, -641.0, -605.0, -650.0, -650.0, -611.0, -641.0, -731.0, -650.0, -668.0, -569.0, -803.0, -722.0, -623.0, -614.0, -542.0, -641.0, -713.0, -659.0, -614.0, -623.0, -632.0, -677.0, -551.0, -551.0, -623.0, -587.0, -659.0, -605.0, -686.0, -614.0, -650.0, -704.0, -794.0, -623.0, -677.0, -470.0, -740.0, -686.0]","[200, 200, 200, 200, 200, 200, 200, 200, 200, 200, 200, 200, 200, 200, 200, 200, 200, 200, 200, 200, 200, 200, 200, 200, 200, 200, 200, 200, 200, 200, 200, 200, 200, 200, 200, 200, 200, 200, 200, 200, 200, 200, 200, 200, 200, 200, 200, 200, 200, 200, 200, 200, 200, 200, 200, 200, 200, 200, 200, 200, 200, 200, 200, 200, 200, 200, 200, 200, 200, 200, 200, 200, 200, 200, 200, 200, 200, 200, 200, 200]",0.08054920415286089,0.9217802192962857,0.04910811376883406,0.05555480310891634,0.0,21326.531,5.982,668621.427,16797.055,238.137,4.933,16000,16000,16000,16000,4.096969696969697,8.7,"[-704.0, -758.0, -632.0, -929.0, -785.0, -812.0, -803.0, -686.0, -731.0, -731.0, -614.0, -857.0, -740.0, -785.0, -740.0, -731.0, -830.0, -812.0, -695.0, -776.0, -776.0, -677.0, -713.0, -749.0, -785.0, -614.0, -668.0, -632.0, -614.0, -713.0, -713.0, -749.0, -785.0, -650.0, -731.0, -776.0, -821.0, -803.0, -758.0, -704.0, -623.0, -569.0, -641.0, -605.0, -650.0, -650.0, -611.0, -641.0, -731.0, -650.0, -668.0, -569.0, -803.0, -722.0, -623.0, -614.0, -542.0, -641.0, -713.0, -659.0, -614.0, -623.0, -632.0, -677.0, -551.0, -551.0, -623.0, -587.0, -659.0, -605.0, -686.0, -614.0, -650.0, -704.0, -794.0, -623.0, -677.0, -470.0, -740.0, -686.0]","[200, 200, 200, 200, 200, 200, 200, 200, 200, 200, 200, 200, 200, 200, 200, 200, 200, 200, 200, 200, 200, 200, 200, 200, 200, 200, 200, 200, 200, 200, 200, 200, 200, 200, 200, 200, 200, 200, 200, 200, 200, 200, 200, 200, 200, 200, 200, 200, 200, 200, 200, 200, 200, 200, 200, 200, 200, 200, 200, 200, 200, 200, 200, 200, 200, 200, 200, 200, 200, 200, 200, 200, 200, 200, 200, 200, 200, 200, 200, 200]",0.08054920415286089,0.9217802192962857,0.04910811376883406,0.05555480310891634,0.0,0.10000000000000002,5.0000000000000016e-05,9.841148372363019,-0.03723075118276381,9.876620736686132,-0.001510414449117517,0.01758377332430648,1.6513489384805002,0.0
-407.0,-929.0,-671.12,200.0,20,1,20000,20000,20000,20000,4000,4000,20000,20000,False,100,5,062f6_00000,b66eb885e4cc43429169bd88b2aa2a5e,2022-07-08_07-32-10,1657258330,22.877628803253174,108.22093415260315,16572,sassauna2.ee.ethz.ch,129.132.4.155,108.22093415260315,0,5,8.778218746185303,20000,20000,20000,20000,-407.0,-929.0,-671.12,200.0,20,"[-704.0, -758.0, -632.0, -929.0, -785.0, -812.0, -803.0, -686.0, -731.0, -731.0, -614.0, -857.0, -740.0, -785.0, -740.0, -731.0, -830.0, -812.0, -695.0, -776.0, -776.0, -677.0, -713.0, -749.0, -785.0, -614.0, -668.0, -632.0, -614.0, -713.0, -713.0, -749.0, -785.0, -650.0, -731.0, -776.0, -821.0, -803.0, -758.0, -704.0, -623.0, -569.0, -641.0, -605.0, -650.0, -650.0, -611.0, -641.0, -731.0, -650.0, -668.0, -569.0, -803.0, -722.0, -623.0, -614.0, -542.0, -641.0, -713.0, -659.0, -614.0, -623.0, -632.0, -677.0, -551.0, -551.0, -623.0, -587.0, -659.0, -605.0, -686.0, -614.0, -650.0, -704.0, -794.0, -623.0, -677.0, -470.0, -740.0, -686.0, -587.0, -830.0, -497.0, -605.0, -623.0, -605.0, -515.0, -659.0, -407.0, -587.0, -767.0, -533.0, -470.0, -533.0, -803.0, -542.0, -506.0, -596.0, -470.0, -704.0]","[200, 200, 200, 200, 200, 200, 200, 200, 200, 200, 200, 200, 200, 200, 200, 200, 200, 200, 200, 200, 200, 200, 200, 200, 200, 200, 200, 200, 200, 200, 200, 200, 200, 200, 200, 200, 200, 200, 200, 200, 200, 200, 200, 200, 200, 200, 200, 200, 200, 200, 200, 200, 200, 200, 200, 200, 200, 200, 200, 200, 200, 200, 200, 200, 200, 200, 200, 200, 200, 200, 200, 200, 200, 200, 200, 200, 200, 200, 200, 200, 200, 200, 200, 200, 200, 200, 200, 200, 200, 200, 200, 200, 200, 200, 200, 200, 200, 200, 200, 200]",0.08046405284861562,0.9218606804832669,0.04908537898891195,0.05554849803545307,0.0,21635.008,6.014,665123.81,17105.054,233.849,4.943,20000,20000,20000,20000,4.200000000000001,8.7,"[-704.0, -758.0, -632.0, -929.0, -785.0, -812.0, -803.0, -686.0, -731.0, -731.0, -614.0, -857.0, -740.0, -785.0, -740.0, -731.0, -830.0, -812.0, -695.0, -776.0, -776.0, -677.0, -713.0, -749.0, -785.0, -614.0, -668.0, -632.0, -614.0, -713.0, -713.0, -749.0, -785.0, -650.0, -731.0, -776.0, -821.0, -803.0, -758.0, -704.0, -623.0, -569.0, -641.0, -605.0, -650.0, -650.0, -611.0, -641.0, -731.0, -650.0, -668.0, -569.0, -803.0, -722.0, -623.0, -614.0, -542.0, -641.0, -713.0, -659.0, -614.0, -623.0, -632.0, -677.0, -551.0, -551.0, -623.0, -587.0, -659.0, -605.0, -686.0, -614.0, -650.0, -704.0, -794.0, -623.0, -677.0, -470.0, -740.0, -686.0, -587.0, -830.0, -497.0, -605.0, -623.0, -605.0, -515.0, -659.0, -407.0, -587.0, -767.0, -533.0, -470.0, -533.0, -803.0, -542.0, -506.0, -596.0, -470.0, -704.0]","[200, 200, 200, 200, 200, 200, 200, 200, 200, 200, 200, 200, 200, 200, 200, 200, 200, 200, 200, 200, 200, 200, 200, 200, 200, 200, 200, 200, 200, 200, 200, 200, 200, 200, 200, 200, 200, 200, 200, 200, 200, 200, 200, 200, 200, 200, 200, 200, 200, 200, 200, 200, 200, 200, 200, 200, 200, 200, 200, 200, 200, 200, 200, 200, 200, 200, 200, 200, 200, 200, 200, 200, 200, 200, 200, 200, 200, 200, 200, 200, 200, 200, 200, 200, 200, 200, 200, 200, 200, 200, 200, 200, 200, 200, 200, 200, 200, 200, 200, 200]",0.08046405284861562,0.9218606804832669,0.04908537898891195,0.05554849803545307,0.0,0.10000000000000002,5.0000000000000016e-05,9.86124274705046,-0.0430180743897474,9.902595899438346,-0.0004053424442968061,0.016649298266406414,1.6223689353594215,0.0
-353.0,-830.0,-626.39,200.0,20,1,24000,24000,24000,24000,4000,4000,24000,24000,False,120,6,062f6_00000,b66eb885e4cc43429169bd88b2aa2a5e,2022-07-08_07-32-33,1657258353,23.50586462020874,131.7267987728119,16572,sassauna2.ee.ethz.ch,129.132.4.155,131.7267987728119,0,6,8.778218746185303,24000,24000,24000,24000,-353.0,-830.0,-626.39,200.0,20,"[-776.0, -677.0, -713.0, -749.0, -785.0, -614.0, -668.0, -632.0, -614.0, -713.0, -713.0, -749.0, -785.0, -650.0, -731.0, -776.0, -821.0, -803.0, -758.0, -704.0, -623.0, -569.0, -641.0, -605.0, -650.0, -650.0, -611.0, -641.0, -731.0, -650.0, -668.0, -569.0, -803.0, -722.0, -623.0, -614.0, -542.0, -641.0, -713.0, -659.0, -614.0, -623.0, -632.0, -677.0, -551.0, -551.0, -623.0, -587.0, -659.0, -605.0, -686.0, -614.0, -650.0, -704.0, -794.0, -623.0, -677.0, -470.0, -740.0, -686.0, -587.0, -830.0, -497.0, -605.0, -623.0, -605.0, -515.0, -659.0, -407.0, -587.0, -767.0, -533.0, -470.0, -533.0, -803.0, -542.0, -506.0, -596.0, -470.0, -704.0, -506.0, -659.0, -524.0, -452.0, -578.0, -353.0, -587.0, -542.0, -398.0, -443.0, -587.0, -596.0, -434.0, -659.0, -569.0, -470.0, -623.0, -470.0, -677.0, -551.0]","[200, 200, 200, 200, 200, 200, 200, 200, 200, 200, 200, 200, 200, 200, 200, 200, 200, 200, 200, 200, 200, 200, 200, 200, 200, 200, 200, 200, 200, 200, 200, 200, 200, 200, 200, 200, 200, 200, 200, 200, 200, 200, 200, 200, 200, 200, 200, 200, 200, 200, 200, 200, 200, 200, 200, 200, 200, 200, 200, 200, 200, 200, 200, 200, 200, 200, 200, 200, 200, 200, 200, 200, 200, 200, 200, 200, 200, 200, 200, 200, 200, 200, 200, 200, 200, 200, 200, 200, 200, 200, 200, 200, 200, 200, 200, 200, 200, 200, 200, 200]",0.08024084495411556,0.9220708357760494,0.04902591161395233,0.055543581213175416,0.0,21945.485,6.034,662895.255,17420.979,229.608,4.881,24000,24000,24000,24000,4.250000000000001,8.7,"[-776.0, -677.0, -713.0, -749.0, -785.0, -614.0, -668.0, -632.0, -614.0, -713.0, -713.0, -749.0, -785.0, -650.0, -731.0, -776.0, -821.0, -803.0, -758.0, -704.0, -623.0, -569.0, -641.0, -605.0, -650.0, -650.0, -611.0, -641.0, -731.0, -650.0, -668.0, -569.0, -803.0, -722.0, -623.0, -614.0, -542.0, -641.0, -713.0, -659.0, -614.0, -623.0, -632.0, -677.0, -551.0, -551.0, -623.0, -587.0, -659.0, -605.0, -686.0, -614.0, -650.0, -704.0, -794.0, -623.0, -677.0, -470.0, -740.0, -686.0, -587.0, -830.0, -497.0, -605.0, -623.0, -605.0, -515.0, -659.0, -407.0, -587.0, -767.0, -533.0, -470.0, -533.0, -803.0, -542.0, -506.0, -596.0, -470.0, -704.0, -506.0, -659.0, -524.0, -452.0, -578.0, -353.0, -587.0, -542.0, -398.0, -443.0, -587.0, -596.0, -434.0, -659.0, -569.0, -470.0, -623.0, -470.0, -677.0, -551.0]","[200, 200, 200, 200, 200, 200, 200, 200, 200, 200, 200, 200, 200, 200, 200, 200, 200, 200, 200, 200, 200, 200, 200, 200, 200, 200, 200, 200, 200, 200, 200, 200, 200, 200, 200, 200, 200, 200, 200, 200, 200, 200, 200, 200, 200, 200, 200, 200, 200, 200, 200, 200, 200, 200, 200, 200, 200, 200, 200, 200, 200, 200, 200, 200, 200, 200, 200, 200, 200, 200, 200, 200, 200, 200, 200, 200, 200, 200, 200, 200, 200, 200, 200, 200, 200, 200, 200, 200, 200, 200, 200, 200, 200, 200, 200, 200, 200, 200, 200, 200]",0.08024084495411556,0.9220708357760494,0.04902591161395233,0.055543581213175416,0.0,0.10000000000000002,5.0000000000000016e-05,9.870702306685908,-0.03586469063915873,9.904497822382117,0.0003380295730406238,0.02069140161571596,1.5419687007063179,0.0
-353.0,-830.0,-580.76,200.0,20,1,28000,28000,28000,28000,4000,4000,28000,28000,False,140,7,062f6_00000,b66eb885e4cc43429169bd88b2aa2a5e,2022-07-08_07-32-57,1657258377,23.443994998931885,155.17079377174377,16572,sassauna2.ee.ethz.ch,129.132.4.155,155.17079377174377,0,7,8.778218746185303,28000,28000,28000,28000,-353.0,-830.0,-580.76,200.0,20,"[-623.0, -569.0, -641.0, -605.0, -650.0, -650.0, -611.0, -641.0, -731.0, -650.0, -668.0, -569.0, -803.0, -722.0, -623.0, -614.0, -542.0, -641.0, -713.0, -659.0, -614.0, -623.0, -632.0, -677.0, -551.0, -551.0, -623.0, -587.0, -659.0, -605.0, -686.0, -614.0, -650.0, -704.0, -794.0, -623.0, -677.0, -470.0, -740.0, -686.0, -587.0, -830.0, -497.0, -605.0, -623.0, -605.0, -515.0, -659.0, -407.0, -587.0, -767.0, -533.0, -470.0, -533.0, -803.0, -542.0, -506.0, -596.0, -470.0, -704.0, -506.0, -659.0, -524.0, -452.0, -578.0, -353.0, -587.0, -542.0, -398.0, -443.0, -587.0, -596.0, -434.0, -659.0, -569.0, -470.0, -623.0, -470.0, -677.0, -551.0, -515.0, -371.0, -407.0, -551.0, -425.0, -623.0, -542.0, -605.0, -533.0, -416.0, -524.0, -452.0, -497.0, -614.0, -497.0, -452.0, -452.0, -506.0, -443.0, -443.0]","[200, 200, 200, 200, 200, 200, 200, 200, 200, 200, 200, 200, 200, 200, 200, 200, 200, 200, 200, 200, 200, 200, 200, 200, 200, 200, 200, 200, 200, 200, 200, 200, 200, 200, 200, 200, 200, 200, 200, 200, 200, 200, 200, 200, 200, 200, 200, 200, 200, 200, 200, 200, 200, 200, 200, 200, 200, 200, 200, 200, 200, 200, 200, 200, 200, 200, 200, 200, 200, 200, 200, 200, 200, 200, 200, 200, 200, 200, 200, 200, 200, 200, 200, 200, 200, 200, 200, 200, 200, 200, 200, 200, 200, 200, 200, 200, 200, 200, 200, 200]",0.08011039117340536,0.9217338757993103,0.04898928012400642,0.05550612623136086,0.0,22158.279,6.041,662099.224,17631.326,226.869,4.844,28000,28000,28000,28000,4.487878787878787,8.7,"[-623.0, -569.0, -641.0, -605.0, -650.0, -650.0, -611.0, -641.0, -731.0, -650.0, -668.0, -569.0, -803.0, -722.0, -623.0, -614.0, -542.0, -641.0, -713.0, -659.0, -614.0, -623.0, -632.0, -677.0, -551.0, -551.0, -623.0, -587.0, -659.0, -605.0, -686.0, -614.0, -650.0, -704.0, -794.0, -623.0, -677.0, -470.0, -740.0, -686.0, -587.0, -830.0, -497.0, -605.0, -623.0, -605.0, -515.0, -659.0, -407.0, -587.0, -767.0, -533.0, -470.0, -533.0, -803.0, -542.0, -506.0, -596.0, -470.0, -704.0, -506.0, -659.0, -524.0, -452.0, -578.0, -353.0, -587.0, -542.0, -398.0, -443.0, -587.0, -596.0, -434.0, -659.0, -569.0, -470.0, -623.0, -470.0, -677.0, -551.0, -515.0, -371.0, -407.0, -551.0, -425.0, -623.0, -542.0, -605.0, -533.0, -416.0, -524.0, -452.0, -497.0, -614.0, -497.0, -452.0, -452.0, -506.0, -443.0, -443.0]","[200, 200, 200, 200, 200, 200, 200, 200, 200, 200, 200, 200, 200, 200, 200, 200, 200, 200, 200, 200, 200, 200, 200, 200, 200, 200, 200, 200, 200, 200, 200, 200, 200, 200, 200, 200, 200, 200, 200, 200, 200, 200, 200, 200, 200, 200, 200, 200, 200, 200, 200, 200, 200, 200, 200, 200, 200, 200, 200, 200, 200, 200, 200, 200, 200, 200, 200, 200, 200, 200, 200, 200, 200, 200, 200, 200, 200, 200, 200, 200, 200, 200, 200, 200, 200, 200, 200, 200, 200, 200, 200, 200, 200, 200, 200, 200, 200, 200, 200, 200]",0.08011039117340536,0.9217338757993103,0.04898928012400642,0.05550612623136086,0.0,0.15,5.0000000000000016e-05,9.843462854816067,-0.03760074281724551,9.878497626191827,-0.001594838019340269,0.017106327454937294,1.4972960231124715,0.0
-317.0,-830.0,-537.5,200.0,20,1,32000,32000,32000,32000,4000,4000,32000,32000,False,160,8,062f6_00000,b66eb885e4cc43429169bd88b2aa2a5e,2022-07-08_07-33-21,1657258401,23.660988330841064,178.83178210258484,16572,sassauna2.ee.ethz.ch,129.132.4.155,178.83178210258484,0,8,8.778218746185303,32000,32000,32000,32000,-317.0,-830.0,-537.5,200.0,20,"[-614.0, -623.0, -632.0, -677.0, -551.0, -551.0, -623.0, -587.0, -659.0, -605.0, -686.0, -614.0, -650.0, -704.0, -794.0, -623.0, -677.0, -470.0, -740.0, -686.0, -587.0, -830.0, -497.0, -605.0, -623.0, -605.0, -515.0, -659.0, -407.0, -587.0, -767.0, -533.0, -470.0, -533.0, -803.0, -542.0, -506.0, -596.0, -470.0, -704.0, -506.0, -659.0, -524.0, -452.0, -578.0, -353.0, -587.0, -542.0, -398.0, -443.0, -587.0, -596.0, -434.0, -659.0, -569.0, -470.0, -623.0, -470.0, -677.0, -551.0, -515.0, -371.0, -407.0, -551.0, -425.0, -623.0, -542.0, -605.0, -533.0, -416.0, -524.0, -452.0, -497.0, -614.0, -497.0, -452.0, -452.0, -506.0, -443.0, -443.0, -488.0, -461.0, -371.0, -335.0, -416.0, -506.0, -551.0, -434.0, -425.0, -371.0, -362.0, -353.0, -434.0, -461.0, -380.0, -425.0, -317.0, -551.0, -533.0, -425.0]","[200, 200, 200, 200, 200, 200, 200, 200, 200, 200, 200, 200, 200, 200, 200, 200, 200, 200, 200, 200, 200, 200, 200, 200, 200, 200, 200, 200, 200, 200, 200, 200, 200, 200, 200, 200, 200, 200, 200, 200, 200, 200, 200, 200, 200, 200, 200, 200, 200, 200, 200, 200, 200, 200, 200, 200, 200, 200, 200, 200, 200, 200, 200, 200, 200, 200, 200, 200, 200, 200, 200, 200, 200, 200, 200, 200, 200, 200, 200, 200, 200, 200, 200, 200, 200, 200, 200, 200, 200, 200, 200, 200, 200, 200, 200, 200, 200, 200, 200, 200]",0.08005229342839057,0.9216273485579802,0.048975950208107584,0.05547572218678177,0.0,22345.113,6.029,663435.907,17820.52,224.46,4.765,32000,32000,32000,32000,4.3999999999999995,8.7,"[-614.0, -623.0, -632.0, -677.0, -551.0, -551.0, -623.0, -587.0, -659.0, -605.0, -686.0, -614.0, -650.0, -704.0, -794.0, -623.0, -677.0, -470.0, -740.0, -686.0, -587.0, -830.0, -497.0, -605.0, -623.0, -605.0, -515.0, -659.0, -407.0, -587.0, -767.0, -533.0, -470.0, -533.0, -803.0, -542.0, -506.0, -596.0, -470.0, -704.0, -506.0, -659.0, -524.0, -452.0, -578.0, -353.0, -587.0, -542.0, -398.0, -443.0, -587.0, -596.0, -434.0, -659.0, -569.0, -470.0, -623.0, -470.0, -677.0, -551.0, -515.0, -371.0, -407.0, -551.0, -425.0, -623.0, -542.0, -605.0, -533.0, -416.0, -524.0, -452.0, -497.0, -614.0, -497.0, -452.0, -452.0, -506.0, -443.0, -443.0, -488.0, -461.0, -371.0, -335.0, -416.0, -506.0, -551.0, -434.0, -425.0, -371.0, -362.0, -353.0, -434.0, -461.0, -380.0, -425.0, -317.0, -551.0, -533.0, -425.0]","[200, 200, 200, 200, 200, 200, 200, 200, 200, 200, 200, 200, 200, 200, 200, 200, 200, 200, 200, 200, 200, 200, 200, 200, 200, 200, 200, 200, 200, 200, 200, 200, 200, 200, 200, 200, 200, 200, 200, 200, 200, 200, 200, 200, 200, 200, 200, 200, 200, 200, 200, 200, 200, 200, 200, 200, 200, 200, 200, 200, 200, 200, 200, 200, 200, 200, 200, 200, 200, 200, 200, 200, 200, 200, 200, 200, 200, 200, 200, 200, 200, 200, 200, 200, 200, 200, 200, 200, 200, 200, 200, 200, 200, 200, 200, 200, 200, 200, 200, 200]",0.08005229342839057,0.9216273485579802,0.048975950208107584,0.05547572218678177,0.0,0.15,5.0000000000000016e-05,9.82024612939486,-0.041456993813476256,9.85834113090269,-0.007543072681273183,0.02241328362828464,1.4069658556292135,0.0
-281.0,-830.0,-490.88,200.0,20,1,36000,36000,36000,36000,4000,4000,36000,36000,False,180,9,062f6_00000,b66eb885e4cc43429169bd88b2aa2a5e,2022-07-08_07-33-44,1657258424,23.226465702056885,202.05824780464172,16572,sassauna2.ee.ethz.ch,129.132.4.155,202.05824780464172,0,9,8.778218746185303,36000,36000,36000,36000,-281.0,-830.0,-490.88,200.0,20,"[-587.0, -830.0, -497.0, -605.0, -623.0, -605.0, -515.0, -659.0, -407.0, -587.0, -767.0, -533.0, -470.0, -533.0, -803.0, -542.0, -506.0, -596.0, -470.0, -704.0, -506.0, -659.0, -524.0, -452.0, -578.0, -353.0, -587.0, -542.0, -398.0, -443.0, -587.0, -596.0, -434.0, -659.0, -569.0, -470.0, -623.0, -470.0, -677.0, -551.0, -515.0, -371.0, -407.0, -551.0, -425.0, -623.0, -542.0, -605.0, -533.0, -416.0, -524.0, -452.0, -497.0, -614.0, -497.0, -452.0, -452.0, -506.0, -443.0, -443.0, -488.0, -461.0, -371.0, -335.0, -416.0, -506.0, -551.0, -434.0, -425.0, -371.0, -362.0, -353.0, -434.0, -461.0, -380.0, -425.0, -317.0, -551.0, -533.0, -425.0, -389.0, -398.0, -281.0, -641.0, -542.0, -344.0, -335.0, -299.0, -398.0, -371.0, -542.0, -371.0, -407.0, -317.0, -380.0, -326.0, -533.0, -443.0, -434.0, -353.0]","[200, 200, 200, 200, 200, 200, 200, 200, 200, 200, 200, 200, 200, 200, 200, 200, 200, 200, 200, 200, 200, 200, 200, 200, 200, 200, 200, 200, 200, 200, 200, 200, 200, 200, 200, 200, 200, 200, 200, 200, 200, 200, 200, 200, 200, 200, 200, 200, 200, 200, 200, 200, 200, 200, 200, 200, 200, 200, 200, 200, 200, 200, 200, 200, 200, 200, 200, 200, 200, 200, 200, 200, 200, 200, 200, 200, 200, 200, 200, 200, 200, 200, 200, 200, 200, 200, 200, 200, 200, 200, 200, 200, 200, 200, 200, 200, 200, 200, 200, 200]",0.08001854283004091,0.9216284285381182,0.04897937701373722,0.05545655529875487,0.0,22442.034,6.044,661831.819,17916.442,223.259,4.818,36000,36000,36000,36000,4.263636363636364,8.7,"[-587.0, -830.0, -497.0, -605.0, -623.0, -605.0, -515.0, -659.0, -407.0, -587.0, -767.0, -533.0, -470.0, -533.0, -803.0, -542.0, -506.0, -596.0, -470.0, -704.0, -506.0, -659.0, -524.0, -452.0, -578.0, -353.0, -587.0, -542.0, -398.0, -443.0, -587.0, -596.0, -434.0, -659.0, -569.0, -470.0, -623.0, -470.0, -677.0, -551.0, -515.0, -371.0, -407.0, -551.0, -425.0, -623.0, -542.0, -605.0, -533.0, -416.0, -524.0, -452.0, -497.0, -614.0, -497.0, -452.0, -452.0, -506.0, -443.0, -443.0, -488.0, -461.0, -371.0, -335.0, -416.0, -506.0, -551.0, -434.0, -425.0, -371.0, -362.0, -353.0, -434.0, -461.0, -380.0, -425.0, -317.0, -551.0, -533.0, -425.0, -389.0, -398.0, -281.0, -641.0, -542.0, -344.0, -335.0, -299.0, -398.0, -371.0, -542.0, -371.0, -407.0, -317.0, -380.0, -326.0, -533.0, -443.0, -434.0, -353.0]","[200, 200, 200, 200, 200, 200, 200, 200, 200, 200, 200, 200, 200, 200, 200, 200, 200, 200, 200, 200, 200, 200, 200, 200, 200, 200, 200, 200, 200, 200, 200, 200, 200, 200, 200, 200, 200, 200, 200, 200, 200, 200, 200, 200, 200, 200, 200, 200, 200, 200, 200, 200, 200, 200, 200, 200, 200, 200, 200, 200, 200, 200, 200, 200, 200, 200, 200, 200, 200, 200, 200, 200, 200, 200, 200, 200, 200, 200, 200, 200, 200, 200, 200, 200, 200, 200, 200, 200, 200, 200, 200, 200, 200, 200, 200, 200, 200, 200, 200, 200]",0.08001854283004091,0.9216284285381182,0.04897937701373722,0.05545655529875487,0.0,0.22500000000000006,5.0000000000000016e-05,9.83376331790801,-0.03267858769864805,9.862735691890922,-0.003694088452605791,0.016472135991208944,1.341799847669499,0.0
-124.0,-677.0,-446.47,198.91,20,1,40000,40000,40000,40000,4000,4000,40000,40000,False,200,10,062f6_00000,b66eb885e4cc43429169bd88b2aa2a5e,2022-07-08_07-34-07,1657258447,22.847900867462158,224.90614867210388,16572,sassauna2.ee.ethz.ch,129.132.4.155,224.90614867210388,0,10,8.778218746185303,40000,40000,40000,40000,-124.0,-677.0,-446.47,198.91,20,"[-506.0, -659.0, -524.0, -452.0, -578.0, -353.0, -587.0, -542.0, -398.0, -443.0, -587.0, -596.0, -434.0, -659.0, -569.0, -470.0, -623.0, -470.0, -677.0, -551.0, -515.0, -371.0, -407.0, -551.0, -425.0, -623.0, -542.0, -605.0, -533.0, -416.0, -524.0, -452.0, -497.0, -614.0, -497.0, -452.0, -452.0, -506.0, -443.0, -443.0, -488.0, -461.0, -371.0, -335.0, -416.0, -506.0, -551.0, -434.0, -425.0, -371.0, -362.0, -353.0, -434.0, -461.0, -380.0, -425.0, -317.0, -551.0, -533.0, -425.0, -389.0, -398.0, -281.0, -641.0, -542.0, -344.0, -335.0, -299.0, -398.0, -371.0, -542.0, -371.0, -407.0, -317.0, -380.0, -326.0, -533.0, -443.0, -434.0, -353.0, -124.0, -299.0, -434.0, -380.0, -335.0, -380.0, -515.0, -479.0, -479.0, -335.0, -236.0, -407.0, -362.0, -407.0, -461.0, -452.0, -290.0, -353.0, -326.0, -344.0]","[200, 200, 200, 200, 200, 200, 200, 200, 200, 200, 200, 200, 200, 200, 200, 200, 200, 200, 200, 200, 200, 200, 200, 200, 200, 200, 200, 200, 200, 200, 200, 200, 200, 200, 200, 200, 200, 200, 200, 200, 200, 200, 200, 200, 200, 200, 200, 200, 200, 200, 200, 200, 200, 200, 200, 200, 200, 200, 200, 200, 200, 200, 200, 200, 200, 200, 200, 200, 200, 200, 200, 200, 200, 200, 200, 200, 200, 200, 200, 200, 91, 200, 200, 200, 200, 200, 200, 200, 200, 200, 200, 200, 200, 200, 200, 200, 200, 200, 200, 200]",0.0800955311069227,0.9215081766867007,0.048976144731767396,0.05543734625280691,0.0,22481.813,5.918,675955.52,17954.574,222.784,4.736,40000,40000,40000,40000,4.275757575757576,8.7,"[-506.0, -659.0, -524.0, -452.0, -578.0, -353.0, -587.0, -542.0, -398.0, -443.0, -587.0, -596.0, -434.0, -659.0, -569.0, -470.0, -623.0, -470.0, -677.0, -551.0, -515.0, -371.0, -407.0, -551.0, -425.0, -623.0, -542.0, -605.0, -533.0, -416.0, -524.0, -452.0, -497.0, -614.0, -497.0, -452.0, -452.0, -506.0, -443.0, -443.0, -488.0, -461.0, -371.0, -335.0, -416.0, -506.0, -551.0, -434.0, -425.0, -371.0, -362.0, -353.0, -434.0, -461.0, -380.0, -425.0, -317.0, -551.0, -533.0, -425.0, -389.0, -398.0, -281.0, -641.0, -542.0, -344.0, -335.0, -299.0, -398.0, -371.0, -542.0, -371.0, -407.0, -317.0, -380.0, -326.0, -533.0, -443.0, -434.0, -353.0, -124.0, -299.0, -434.0, -380.0, -335.0, -380.0, -515.0, -479.0, -479.0, -335.0, -236.0, -407.0, -362.0, -407.0, -461.0, -452.0, -290.0, -353.0, -326.0, -344.0]","[200, 200, 200, 200, 200, 200, 200, 200, 200, 200, 200, 200, 200, 200, 200, 200, 200, 200, 200, 200, 200, 200, 200, 200, 200, 200, 200, 200, 200, 200, 200, 200, 200, 200, 200, 200, 200, 200, 200, 200, 200, 200, 200, 200, 200, 200, 200, 200, 200, 200, 200, 200, 200, 200, 200, 200, 200, 200, 200, 200, 200, 200, 200, 200, 200, 200, 200, 200, 200, 200, 200, 200, 200, 200, 200, 200, 200, 200, 200, 200, 91, 200, 200, 200, 200, 200, 200, 200, 200, 200, 200, 200, 200, 200, 200, 200, 200, 200, 200, 200]",0.0800955311069227,0.9215081766867007,0.048976144731767396,0.05543734625280691,0.0,0.22500000000000006,5.0000000000000016e-05,9.611826098862515,-0.04142167129984466,9.649294038998184,0.0010853525771889634,0.01757226848169457,1.3132370659100112,0.0
-124.0,-641.0,-409.12,198.91,20,1,44000,44000,44000,44000,4000,4000,44000,44000,False,220,11,062f6_00000,b66eb885e4cc43429169bd88b2aa2a5e,2022-07-08_07-34-29,1657258469,22.27902889251709,247.18517756462097,16572,sassauna2.ee.ethz.ch,129.132.4.155,247.18517756462097,0,11,8.778218746185303,44000,44000,44000,44000,-124.0,-641.0,-409.12,198.91,20,"[-515.0, -371.0, -407.0, -551.0, -425.0, -623.0, -542.0, -605.0, -533.0, -416.0, -524.0, -452.0, -497.0, -614.0, -497.0, -452.0, -452.0, -506.0, -443.0, -443.0, -488.0, -461.0, -371.0, -335.0, -416.0, -506.0, -551.0, -434.0, -425.0, -371.0, -362.0, -353.0, -434.0, -461.0, -380.0, -425.0, -317.0, -551.0, -533.0, -425.0, -389.0, -398.0, -281.0, -641.0, -542.0, -344.0, -335.0, -299.0, -398.0, -371.0, -542.0, -371.0, -407.0, -317.0, -380.0, -326.0, -533.0, -443.0, -434.0, -353.0, -124.0, -299.0, -434.0, -380.0, -335.0, -380.0, -515.0, -479.0, -479.0, -335.0, -236.0, -407.0, -362.0, -407.0, -461.0, -452.0, -290.0, -353.0, -326.0, -344.0, -335.0, -416.0, -434.0, -254.0, -353.0, -290.0, -263.0, -362.0, -416.0, -326.0, -515.0, -272.0, -272.0, -335.0, -398.0, -317.0, -281.0, -362.0, -425.0, -317.0]","[200, 200, 200, 200, 200, 200, 200, 200, 200, 200, 200, 200, 200, 200, 200, 200, 200, 200, 200, 200, 200, 200, 200, 200, 200, 200, 200, 200, 200, 200, 200, 200, 200, 200, 200, 200, 200, 200, 200, 200, 200, 200, 200, 200, 200, 200, 200, 200, 200, 200, 200, 200, 200, 200, 200, 200, 200, 200, 200, 200, 91, 200, 200, 200, 200, 200, 200, 200, 200, 200, 200, 200, 200, 200, 200, 200, 200, 200, 200, 200, 200, 200, 200, 200, 200, 200, 200, 200, 200, 200, 200, 200, 200, 200, 200, 200, 200, 200, 200, 200]",0.08028097458917519,0.9215834280198121,0.04898121563654349,0.05543717442620943,0.0,22685.867,6.025,663899.932,18156.386,220.308,4.695,44000,44000,44000,44000,4.265625,8.7,"[-515.0, -371.0, -407.0, -551.0, -425.0, -623.0, -542.0, -605.0, -533.0, -416.0, -524.0, -452.0, -497.0, -614.0, -497.0, -452.0, -452.0, -506.0, -443.0, -443.0, -488.0, -461.0, -371.0, -335.0, -416.0, -506.0, -551.0, -434.0, -425.0, -371.0, -362.0, -353.0, -434.0, -461.0, -380.0, -425.0, -317.0, -551.0, -533.0, -425.0, -389.0, -398.0, -281.0, -641.0, -542.0, -344.0, -335.0, -299.0, -398.0, -371.0, -542.0, -371.0, -407.0, -317.0, -380.0, -326.0, -533.0, -443.0, -434.0, -353.0, -124.0, -299.0, -434.0, -380.0, -335.0, -380.0, -515.0, -479.0, -479.0, -335.0, -236.0, -407.0, -362.0, -407.0, -461.0, -452.0, -290.0, -353.0, -326.0, -344.0, -335.0, -416.0, -434.0, -254.0, -353.0, -290.0, -263.0, -362.0, -416.0, -326.0, -515.0, -272.0, -272.0, -335.0, -398.0, -317.0, -281.0, -362.0, -425.0, -317.0]","[200, 200, 200, 200, 200, 200, 200, 200, 200, 200, 200, 200, 200, 200, 200, 200, 200, 200, 200, 200, 200, 200, 200, 200, 200, 200, 200, 200, 200, 200, 200, 200, 200, 200, 200, 200, 200, 200, 200, 200, 200, 200, 200, 200, 200, 200, 200, 200, 200, 200, 200, 200, 200, 200, 200, 200, 200, 200, 200, 200, 91, 200, 200, 200, 200, 200, 200, 200, 200, 200, 200, 200, 200, 200, 200, 200, 200, 200, 200, 200, 200, 200, 200, 200, 200, 200, 200, 200, 200, 200, 200, 200, 200, 200, 200, 200, 200, 200, 200, 200]",0.08028097458917519,0.9215834280198121,0.04898121563654349,0.05543717442620943,0.0,0.22500000000000006,5.0000000000000016e-05,9.691359444074733,-0.04122686638867342,9.728506918876402,0.0055531477735888575,0.018130767123110608,1.207028635919735,0.0
-124.0,-641.0,-377.26,198.91,20,1,48000,48000,48000,48000,4000,4000,48000,48000,False,240,12,062f6_00000,b66eb885e4cc43429169bd88b2aa2a5e,2022-07-08_07-34-52,1657258492,22.90521740913391,270.0903949737549,16572,sassauna2.ee.ethz.ch,129.132.4.155,270.0903949737549,0,12,8.778218746185303,48000,48000,48000,48000,-124.0,-641.0,-377.26,198.91,20,"[-488.0, -461.0, -371.0, -335.0, -416.0, -506.0, -551.0, -434.0, -425.0, -371.0, -362.0, -353.0, -434.0, -461.0, -380.0, -425.0, -317.0, -551.0, -533.0, -425.0, -389.0, -398.0, -281.0, -641.0, -542.0, -344.0, -335.0, -299.0, -398.0, -371.0, -542.0, -371.0, -407.0, -317.0, -380.0, -326.0, -533.0, -443.0, -434.0, -353.0, -124.0, -299.0, -434.0, -380.0, -335.0, -380.0, -515.0, -479.0, -479.0, -335.0, -236.0, -407.0, -362.0, -407.0, -461.0, -452.0, -290.0, -353.0, -326.0, -344.0, -335.0, -416.0, -434.0, -254.0, -353.0, -290.0, -263.0, -362.0, -416.0, -326.0, -515.0, -272.0, -272.0, -335.0, -398.0, -317.0, -281.0, -362.0, -425.0, -317.0, -353.0, -533.0, -227.0, -353.0, -272.0, -317.0, -344.0, -317.0, -236.0, -407.0, -236.0, -371.0, -326.0, -290.0, -326.0, -254.0, -398.0, -380.0, -389.0, -353.0]","[200, 200, 200, 200, 200, 200, 200, 200, 200, 200, 200, 200, 200, 200, 200, 200, 200, 200, 200, 200, 200, 200, 200, 200, 200, 200, 200, 200, 200, 200, 200, 200, 200, 200, 200, 200, 200, 200, 200, 200, 91, 200, 200, 200, 200, 200, 200, 200, 200, 200, 200, 200, 200, 200, 200, 200, 200, 200, 200, 200, 200, 200, 200, 200, 200, 200, 200, 200, 200, 200, 200, 200, 200, 200, 200, 200, 200, 200, 200, 200, 200, 200, 200, 200, 200, 200, 200, 200, 200, 200, 200, 200, 200, 200, 200, 200, 200, 200, 200, 200]",0.08051122725531838,0.921394548243217,0.048970993143899265,0.05542338250799903,0.0,22899.34,6.311,633791.29,18373.491,217.705,4.736,48000,48000,48000,48000,4.078787878787879,8.7,"[-488.0, -461.0, -371.0, -335.0, -416.0, -506.0, -551.0, -434.0, -425.0, -371.0, -362.0, -353.0, -434.0, -461.0, -380.0, -425.0, -317.0, -551.0, -533.0, -425.0, -389.0, -398.0, -281.0, -641.0, -542.0, -344.0, -335.0, -299.0, -398.0, -371.0, -542.0, -371.0, -407.0, -317.0, -380.0, -326.0, -533.0, -443.0, -434.0, -353.0, -124.0, -299.0, -434.0, -380.0, -335.0, -380.0, -515.0, -479.0, -479.0, -335.0, -236.0, -407.0, -362.0, -407.0, -461.0, -452.0, -290.0, -353.0, -326.0, -344.0, -335.0, -416.0, -434.0, -254.0, -353.0, -290.0, -263.0, -362.0, -416.0, -326.0, -515.0, -272.0, -272.0, -335.0, -398.0, -317.0, -281.0, -362.0, -425.0, -317.0, -353.0, -533.0, -227.0, -353.0, -272.0, -317.0, -344.0, -317.0, -236.0, -407.0, -236.0, -371.0, -326.0, -290.0, -326.0, -254.0, -398.0, -380.0, -389.0, -353.0]","[200, 200, 200, 200, 200, 200, 200, 200, 200, 200, 200, 200, 200, 200, 200, 200, 200, 200, 200, 200, 200, 200, 200, 200, 200, 200, 200, 200, 200, 200, 200, 200, 200, 200, 200, 200, 200, 200, 200, 200, 91, 200, 200, 200, 200, 200, 200, 200, 200, 200, 200, 200, 200, 200, 200, 200, 200, 200, 200, 200, 200, 200, 200, 200, 200, 200, 200, 200, 200, 200, 200, 200, 200, 200, 200, 200, 200, 200, 200, 200, 200, 200, 200, 200, 200, 200, 200, 200, 200, 200, 200, 200, 200, 200, 200, 200, 200, 200, 200, 200]",0.08051122725531838,0.921394548243217,0.048970993143899265,0.05542338250799903,0.0,0.22500000000000006,5.0000000000000016e-05,9.661505368960801,-0.03682837709383939,9.694273545665126,-0.0019594070731952626,0.018045429422873693,1.2040807287539206,0.0
-62.0,-641.0,-346.09,197.29,21,1,52000,52000,52000,52000,4000,4000,52000,52000,False,261,13,062f6_00000,b66eb885e4cc43429169bd88b2aa2a5e,2022-07-08_07-35-15,1657258515,22.490514278411865,292.58090925216675,16572,sassauna2.ee.ethz.ch,129.132.4.155,292.58090925216675,0,13,8.778218746185303,52000,52000,52000,52000,-62.0,-641.0,-346.09,197.29,21,"[-398.0, -281.0, -641.0, -542.0, -344.0, -335.0, -299.0, -398.0, -371.0, -542.0, -371.0, -407.0, -317.0, -380.0, -326.0, -533.0, -443.0, -434.0, -353.0, -124.0, -299.0, -434.0, -380.0, -335.0, -380.0, -515.0, -479.0, -479.0, -335.0, -236.0, -407.0, -362.0, -407.0, -461.0, -452.0, -290.0, -353.0, -326.0, -344.0, -335.0, -416.0, -434.0, -254.0, -353.0, -290.0, -263.0, -362.0, -416.0, -326.0, -515.0, -272.0, -272.0, -335.0, -398.0, -317.0, -281.0, -362.0, -425.0, -317.0, -353.0, -533.0, -227.0, -353.0, -272.0, -317.0, -344.0, -317.0, -236.0, -407.0, -236.0, -371.0, -326.0, -290.0, -326.0, -254.0, -398.0, -380.0, -389.0, -353.0, -434.0, -272.0, -290.0, -272.0, -326.0, -209.0, -281.0, -281.0, -335.0, -272.0, -344.0, -263.0, -281.0, -317.0, -245.0, -62.0, -254.0, -272.0, -272.0, -299.0, -290.0]","[200, 200, 200, 200, 200, 200, 200, 200, 200, 200, 200, 200, 200, 200, 200, 200, 200, 200, 200, 91, 200, 200, 200, 200, 200, 200, 200, 200, 200, 200, 200, 200, 200, 200, 200, 200, 200, 200, 200, 200, 200, 200, 200, 200, 200, 200, 200, 200, 200, 200, 200, 200, 200, 200, 200, 200, 200, 200, 200, 200, 200, 200, 200, 200, 200, 200, 200, 200, 200, 200, 200, 200, 200, 200, 200, 200, 200, 200, 200, 200, 200, 200, 200, 200, 200, 200, 200, 200, 200, 200, 200, 200, 200, 200, 38, 200, 200, 200, 200, 200]",0.0808336713201432,0.9212718152994132,0.048962621707780075,0.05541349909652621,0.0,23052.259,6.327,632193.563,18521.011,215.971,4.692,52000,52000,52000,52000,4.05,8.7,"[-398.0, -281.0, -641.0, -542.0, -344.0, -335.0, -299.0, -398.0, -371.0, -542.0, -371.0, -407.0, -317.0, -380.0, -326.0, -533.0, -443.0, -434.0, -353.0, -124.0, -299.0, -434.0, -380.0, -335.0, -380.0, -515.0, -479.0, -479.0, -335.0, -236.0, -407.0, -362.0, -407.0, -461.0, -452.0, -290.0, -353.0, -326.0, -344.0, -335.0, -416.0, -434.0, -254.0, -353.0, -290.0, -263.0, -362.0, -416.0, -326.0, -515.0, -272.0, -272.0, -335.0, -398.0, -317.0, -281.0, -362.0, -425.0, -317.0, -353.0, -533.0, -227.0, -353.0, -272.0, -317.0, -344.0, -317.0, -236.0, -407.0, -236.0, -371.0, -326.0, -290.0, -326.0, -254.0, -398.0, -380.0, -389.0, -353.0, -434.0, -272.0, -290.0, -272.0, -326.0, -209.0, -281.0, -281.0, -335.0, -272.0, -344.0, -263.0, -281.0, -317.0, -245.0, -62.0, -254.0, -272.0, -272.0, -299.0, -290.0]","[200, 200, 200, 200, 200, 200, 200, 200, 200, 200, 200, 200, 200, 200, 200, 200, 200, 200, 200, 91, 200, 200, 200, 200, 200, 200, 200, 200, 200, 200, 200, 200, 200, 200, 200, 200, 200, 200, 200, 200, 200, 200, 200, 200, 200, 200, 200, 200, 200, 200, 200, 200, 200, 200, 200, 200, 200, 200, 200, 200, 200, 200, 200, 200, 200, 200, 200, 200, 200, 200, 200, 200, 200, 200, 200, 200, 200, 200, 200, 200, 200, 200, 200, 200, 200, 200, 200, 200, 200, 200, 200, 200, 200, 200, 38, 200, 200, 200, 200, 200]",0.0808336713201432,0.9212718152994132,0.048962621707780075,0.05541349909652621,0.0,0.22500000000000006,5.0000000000000016e-05,9.613682419766661,-0.03531652013621023,9.645832014596591,-0.019109124778419414,0.014075173312793853,1.0452239832570476,0.0
-62.0,-533.0,-325.88,196.13,21,1,56000,56000,56000,56000,4000,4000,56000,56000,False,282,14,062f6_00000,b66eb885e4cc43429169bd88b2aa2a5e,2022-07-08_07-35-33,1657258533,18.6189181804657,311.19982743263245,16572,sassauna2.ee.ethz.ch,129.132.4.155,311.19982743263245,0,14,8.778218746185303,56000,56000,56000,56000,-62.0,-533.0,-325.88,196.13,21,"[-434.0, -380.0, -335.0, -380.0, -515.0, -479.0, -479.0, -335.0, -236.0, -407.0, -362.0, -407.0, -461.0, -452.0, -290.0, -353.0, -326.0, -344.0, -335.0, -416.0, -434.0, -254.0, -353.0, -290.0, -263.0, -362.0, -416.0, -326.0, -515.0, -272.0, -272.0, -335.0, -398.0, -317.0, -281.0, -362.0, -425.0, -317.0, -353.0, -533.0, -227.0, -353.0, -272.0, -317.0, -344.0, -317.0, -236.0, -407.0, -236.0, -371.0, -326.0, -290.0, -326.0, -254.0, -398.0, -380.0, -389.0, -353.0, -434.0, -272.0, -290.0, -272.0, -326.0, -209.0, -281.0, -281.0, -335.0, -272.0, -344.0, -263.0, -281.0, -317.0, -245.0, -62.0, -254.0, -272.0, -272.0, -299.0, -290.0, -443.0, -290.0, -290.0, -299.0, -263.0, -227.0, -281.0, -140.0, -281.0, -254.0, -335.0, -254.0, -308.0, -344.0, -371.0, -389.0, -177.0, -247.0, -254.0, -263.0, -407.0]","[200, 200, 200, 200, 200, 200, 200, 200, 200, 200, 200, 200, 200, 200, 200, 200, 200, 200, 200, 200, 200, 200, 200, 200, 200, 200, 200, 200, 200, 200, 200, 200, 200, 200, 200, 200, 200, 200, 200, 200, 200, 200, 200, 200, 200, 200, 200, 200, 200, 200, 200, 200, 200, 200, 200, 200, 200, 200, 200, 200, 200, 200, 200, 200, 200, 200, 200, 200, 200, 200, 200, 200, 200, 38, 200, 200, 200, 200, 200, 200, 200, 200, 200, 200, 200, 200, 107, 200, 200, 200, 200, 200, 200, 200, 200, 99, 169, 200, 200, 200]",0.0812021827550354,0.9211541856319013,0.04895788340055919,0.05540553634248759,0.0,22577.206,6.232,641811.755,18042.093,221.704,4.605,56000,56000,56000,56000,4.026923076923078,8.7,"[-434.0, -380.0, -335.0, -380.0, -515.0, -479.0, -479.0, -335.0, -236.0, -407.0, -362.0, -407.0, -461.0, -452.0, -290.0, -353.0, -326.0, -344.0, -335.0, -416.0, -434.0, -254.0, -353.0, -290.0, -263.0, -362.0, -416.0, -326.0, -515.0, -272.0, -272.0, -335.0, -398.0, -317.0, -281.0, -362.0, -425.0, -317.0, -353.0, -533.0, -227.0, -353.0, -272.0, -317.0, -344.0, -317.0, -236.0, -407.0, -236.0, -371.0, -326.0, -290.0, -326.0, -254.0, -398.0, -380.0, -389.0, -353.0, -434.0, -272.0, -290.0, -272.0, -326.0, -209.0, -281.0, -281.0, -335.0, -272.0, -344.0, -263.0, -281.0, -317.0, -245.0, -62.0, -254.0, -272.0, -272.0, -299.0, -290.0, -443.0, -290.0, -290.0, -299.0, -263.0, -227.0, -281.0, -140.0, -281.0, -254.0, -335.0, -254.0, -308.0, -344.0, -371.0, -389.0, -177.0, -247.0, -254.0, -263.0, -407.0]","[200, 200, 200, 200, 200, 200, 200, 200, 200, 200, 200, 200, 200, 200, 200, 200, 200, 200, 200, 200, 200, 200, 200, 200, 200, 200, 200, 200, 200, 200, 200, 200, 200, 200, 200, 200, 200, 200, 200, 200, 200, 200, 200, 200, 200, 200, 200, 200, 200, 200, 200, 200, 200, 200, 200, 200, 200, 200, 200, 200, 200, 200, 200, 200, 200, 200, 200, 200, 200, 200, 200, 200, 200, 38, 200, 200, 200, 200, 200, 200, 200, 200, 200, 200, 200, 200, 107, 200, 200, 200, 200, 200, 200, 200, 200, 99, 169, 200, 200, 200]",0.0812021827550354,0.9211541856319013,0.04895788340055919,0.05540553634248759,0.0,0.22500000000000006,5.0000000000000016e-05,9.573112380120062,-0.03779083825647831,9.607311477456042,-0.006132349211682556,0.01596324473548879,1.0738516953042758,0.0
-62.0,-533.0,-303.3,192.93,22,1,60000,60000,60000,60000,4000,4000,60000,60000,False,304,15,062f6_00000,b66eb885e4cc43429169bd88b2aa2a5e,2022-07-08_07-35-56,1657258556,22.49053382873535,333.6903612613678,16572,sassauna2.ee.ethz.ch,129.132.4.155,333.6903612613678,0,15,8.778218746185303,60000,60000,60000,60000,-62.0,-533.0,-303.3,192.93,22,"[-353.0, -290.0, -263.0, -362.0, -416.0, -326.0, -515.0, -272.0, -272.0, -335.0, -398.0, -317.0, -281.0, -362.0, -425.0, -317.0, -353.0, -533.0, -227.0, -353.0, -272.0, -317.0, -344.0, -317.0, -236.0, -407.0, -236.0, -371.0, -326.0, -290.0, -326.0, -254.0, -398.0, -380.0, -389.0, -353.0, -434.0, -272.0, -290.0, -272.0, -326.0, -209.0, -281.0, -281.0, -335.0, -272.0, -344.0, -263.0, -281.0, -317.0, -245.0, -62.0, -254.0, -272.0, -272.0, -299.0, -290.0, -443.0, -290.0, -290.0, -299.0, -263.0, -227.0, -281.0, -140.0, -281.0, -254.0, -335.0, -254.0, -308.0, -344.0, -371.0, -389.0, -177.0, -247.0, -254.0, -263.0, -407.0, -245.0, -317.0, -245.0, -353.0, -245.0, -371.0, -317.0, -263.0, -299.0, -263.0, -335.0, -236.0, -163.0, -362.0, -130.0, -299.0, -245.0, -279.0, -166.0, -371.0, -398.0, -254.0]","[200, 200, 200, 200, 200, 200, 200, 200, 200, 200, 200, 200, 200, 200, 200, 200, 200, 200, 200, 200, 200, 200, 200, 200, 200, 200, 200, 200, 200, 200, 200, 200, 200, 200, 200, 200, 200, 200, 200, 200, 200, 200, 200, 200, 200, 200, 200, 200, 200, 200, 200, 38, 200, 200, 200, 200, 200, 200, 200, 200, 200, 200, 200, 200, 107, 200, 200, 200, 200, 200, 200, 200, 200, 99, 169, 200, 200, 200, 200, 200, 200, 200, 200, 200, 200, 200, 200, 200, 200, 200, 94, 200, 97, 200, 200, 183, 106, 200, 200, 200]",0.08149626181334284,0.9208176618161806,0.04894171756599975,0.05538355687418914,0.0,22538.466,6.253,639677.897,18009.465,222.105,4.52,60000,60000,60000,60000,4.045454545454546,8.7,"[-353.0, -290.0, -263.0, -362.0, -416.0, -326.0, -515.0, -272.0, -272.0, -335.0, -398.0, -317.0, -281.0, -362.0, -425.0, -317.0, -353.0, -533.0, -227.0, -353.0, -272.0, -317.0, -344.0, -317.0, -236.0, -407.0, -236.0, -371.0, -326.0, -290.0, -326.0, -254.0, -398.0, -380.0, -389.0, -353.0, -434.0, -272.0, -290.0, -272.0, -326.0, -209.0, -281.0, -281.0, -335.0, -272.0, -344.0, -263.0, -281.0, -317.0, -245.0, -62.0, -254.0, -272.0, -272.0, -299.0, -290.0, -443.0, -290.0, -290.0, -299.0, -263.0, -227.0, -281.0, -140.0, -281.0, -254.0, -335.0, -254.0, -308.0, -344.0, -371.0, -389.0, -177.0, -247.0, -254.0, -263.0, -407.0, -245.0, -317.0, -245.0, -353.0, -245.0, -371.0, -317.0, -263.0, -299.0, -263.0, -335.0, -236.0, -163.0, -362.0, -130.0, -299.0, -245.0, -279.0, -166.0, -371.0, -398.0, -254.0]","[200, 200, 200, 200, 200, 200, 200, 200, 200, 200, 200, 200, 200, 200, 200, 200, 200, 200, 200, 200, 200, 200, 200, 200, 200, 200, 200, 200, 200, 200, 200, 200, 200, 200, 200, 200, 200, 200, 200, 200, 200, 200, 200, 200, 200, 200, 200, 200, 200, 200, 200, 38, 200, 200, 200, 200, 200, 200, 200, 200, 200, 200, 200, 200, 107, 200, 200, 200, 200, 200, 200, 200, 200, 99, 169, 200, 200, 200, 200, 200, 200, 200, 200, 200, 200, 200, 200, 200, 200, 200, 94, 200, 97, 200, 200, 183, 106, 200, 200, 200]",0.08149626181334284,0.9208176618161806,0.04894171756599975,0.05538355687418914,0.0,0.22500000000000006,5.0000000000000016e-05,9.63016000152916,-0.03711978706621354,9.663182966170773,-0.015353299533167193,0.018208106534180545,1.030659746418717,0.0
-62.0,-578.0,-290.25,192.93,20,1,64000,64000,64000,64000,4000,4000,64000,64000,False,324,16,062f6_00000,b66eb885e4cc43429169bd88b2aa2a5e,2022-07-08_07-36-19,1657258579,22.51719856262207,356.20755982398987,16572,sassauna2.ee.ethz.ch,129.132.4.155,356.20755982398987,0,16,8.778218746185303,64000,64000,64000,64000,-62.0,-578.0,-290.25,192.93,20,"[-272.0, -317.0, -344.0, -317.0, -236.0, -407.0, -236.0, -371.0, -326.0, -290.0, -326.0, -254.0, -398.0, -380.0, -389.0, -353.0, -434.0, -272.0, -290.0, -272.0, -326.0, -209.0, -281.0, -281.0, -335.0, -272.0, -344.0, -263.0, -281.0, -317.0, -245.0, -62.0, -254.0, -272.0, -272.0, -299.0, -290.0, -443.0, -290.0, -290.0, -299.0, -263.0, -227.0, -281.0, -140.0, -281.0, -254.0, -335.0, -254.0, -308.0, -344.0, -371.0, -389.0, -177.0, -247.0, -254.0, -263.0, -407.0, -245.0, -317.0, -245.0, -353.0, -245.0, -371.0, -317.0, -263.0, -299.0, -263.0, -335.0, -236.0, -163.0, -362.0, -130.0, -299.0, -245.0, -279.0, -166.0, -371.0, -398.0, -254.0, -281.0, -227.0, -362.0, -236.0, -326.0, -317.0, -227.0, -227.0, -308.0, -236.0, -389.0, -281.0, -578.0, -227.0, -254.0, -227.0, -209.0, -299.0, -218.0, -236.0]","[200, 200, 200, 200, 200, 200, 200, 200, 200, 200, 200, 200, 200, 200, 200, 200, 200, 200, 200, 200, 200, 200, 200, 200, 200, 200, 200, 200, 200, 200, 200, 38, 200, 200, 200, 200, 200, 200, 200, 200, 200, 200, 200, 200, 107, 200, 200, 200, 200, 200, 200, 200, 200, 99, 169, 200, 200, 200, 200, 200, 200, 200, 200, 200, 200, 200, 200, 200, 200, 200, 94, 200, 97, 200, 200, 183, 106, 200, 200, 200, 200, 200, 200, 200, 200, 200, 200, 200, 200, 200, 200, 200, 200, 200, 200, 200, 200, 200, 200, 200]",0.08172802614834687,0.9208674854449916,0.04893002862133768,0.05536466018764713,0.0,22439.248,6.235,641534.432,17895.38,223.521,4.528,64000,64000,64000,64000,4.021875,8.7,"[-272.0, -317.0, -344.0, -317.0, -236.0, -407.0, -236.0, -371.0, -326.0, -290.0, -326.0, -254.0, -398.0, -380.0, -389.0, -353.0, -434.0, -272.0, -290.0, -272.0, -326.0, -209.0, -281.0, -281.0, -335.0, -272.0, -344.0, -263.0, -281.0, -317.0, -245.0, -62.0, -254.0, -272.0, -272.0, -299.0, -290.0, -443.0, -290.0, -290.0, -299.0, -263.0, -227.0, -281.0, -140.0, -281.0, -254.0, -335.0, -254.0, -308.0, -344.0, -371.0, -389.0, -177.0, -247.0, -254.0, -263.0, -407.0, -245.0, -317.0, -245.0, -353.0, -245.0, -371.0, -317.0, -263.0, -299.0, -263.0, -335.0, -236.0, -163.0, -362.0, -130.0, -299.0, -245.0, -279.0, -166.0, -371.0, -398.0, -254.0, -281.0, -227.0, -362.0, -236.0, -326.0, -317.0, -227.0, -227.0, -308.0, -236.0, -389.0, -281.0, -578.0, -227.0, -254.0, -227.0, -209.0, -299.0, -218.0, -236.0]","[200, 200, 200, 200, 200, 200, 200, 200, 200, 200, 200, 200, 200, 200, 200, 200, 200, 200, 200, 200, 200, 200, 200, 200, 200, 200, 200, 200, 200, 200, 200, 38, 200, 200, 200, 200, 200, 200, 200, 200, 200, 200, 200, 200, 107, 200, 200, 200, 200, 200, 200, 200, 200, 99, 169, 200, 200, 200, 200, 200, 200, 200, 200, 200, 200, 200, 200, 200, 200, 200, 94, 200, 97, 200, 200, 183, 106, 200, 200, 200, 200, 200, 200, 200, 200, 200, 200, 200, 200, 200, 200, 200, 200, 200, 200, 200, 200, 200, 200, 200]",0.08172802614834687,0.9208674854449916,0.04893002862133768,0.05536466018764713,0.0,0.22500000000000006,5.0000000000000016e-05,9.59246038826563,-0.023839523615215415,9.613332779176774,-0.03821944017564097,0.013187366608839403,0.8725118513709755,0.0
-62.0,-578.0,-280.08,192.93,20,1,68000,68000,68000,68000,4000,4000,68000,68000,False,344,17,062f6_00000,b66eb885e4cc43429169bd88b2aa2a5e,2022-07-08_07-36-38,1657258598,18.834892988204956,375.0424528121948,16572,sassauna2.ee.ethz.ch,129.132.4.155,375.0424528121948,0,17,8.778218746185303,68000,68000,68000,68000,-62.0,-578.0,-280.08,192.93,20,"[-326.0, -209.0, -281.0, -281.0, -335.0, -272.0, -344.0, -263.0, -281.0, -317.0, -245.0, -62.0, -254.0, -272.0, -272.0, -299.0, -290.0, -443.0, -290.0, -290.0, -299.0, -263.0, -227.0, -281.0, -140.0, -281.0, -254.0, -335.0, -254.0, -308.0, -344.0, -371.0, -389.0, -177.0, -247.0, -254.0, -263.0, -407.0, -245.0, -317.0, -245.0, -353.0, -245.0, -371.0, -317.0, -263.0, -299.0, -263.0, -335.0, -236.0, -163.0, -362.0, -130.0, -299.0, -245.0, -279.0, -166.0, -371.0, -398.0, -254.0, -281.0, -227.0, -362.0, -236.0, -326.0, -317.0, -227.0, -227.0, -308.0, -236.0, -389.0, -281.0, -578.0, -227.0, -254.0, -227.0, -209.0, -299.0, -218.0, -236.0, -263.0, -263.0, -344.0, -254.0, -209.0, -236.0, -326.0, -326.0, -290.0, -218.0, -236.0, -344.0, -254.0, -317.0, -371.0, -236.0, -209.0, -299.0, -218.0, -254.0]","[200, 200, 200, 200, 200, 200, 200, 200, 200, 200, 200, 38, 200, 200, 200, 200, 200, 200, 200, 200, 200, 200, 200, 200, 107, 200, 200, 200, 200, 200, 200, 200, 200, 99, 169, 200, 200, 200, 200, 200, 200, 200, 200, 200, 200, 200, 200, 200, 200, 200, 94, 200, 97, 200, 200, 183, 106, 200, 200, 200, 200, 200, 200, 200, 200, 200, 200, 200, 200, 200, 200, 200, 200, 200, 200, 200, 200, 200, 200, 200, 200, 200, 200, 200, 200, 200, 200, 200, 200, 200, 200, 200, 200, 200, 200, 200, 200, 200, 200, 200]",0.08204262967238131,0.9221234380805222,0.048983531033157245,0.05541913505820455,0.0,21978.462,6.07,659031.009,17388.914,230.032,4.438,68000,68000,68000,68000,3.9740740740740734,8.699999999999998,"[-326.0, -209.0, -281.0, -281.0, -335.0, -272.0, -344.0, -263.0, -281.0, -317.0, -245.0, -62.0, -254.0, -272.0, -272.0, -299.0, -290.0, -443.0, -290.0, -290.0, -299.0, -263.0, -227.0, -281.0, -140.0, -281.0, -254.0, -335.0, -254.0, -308.0, -344.0, -371.0, -389.0, -177.0, -247.0, -254.0, -263.0, -407.0, -245.0, -317.0, -245.0, -353.0, -245.0, -371.0, -317.0, -263.0, -299.0, -263.0, -335.0, -236.0, -163.0, -362.0, -130.0, -299.0, -245.0, -279.0, -166.0, -371.0, -398.0, -254.0, -281.0, -227.0, -362.0, -236.0, -326.0, -317.0, -227.0, -227.0, -308.0, -236.0, -389.0, -281.0, -578.0, -227.0, -254.0, -227.0, -209.0, -299.0, -218.0, -236.0, -263.0, -263.0, -344.0, -254.0, -209.0, -236.0, -326.0, -326.0, -290.0, -218.0, -236.0, -344.0, -254.0, -317.0, -371.0, -236.0, -209.0, -299.0, -218.0, -254.0]","[200, 200, 200, 200, 200, 200, 200, 200, 200, 200, 200, 38, 200, 200, 200, 200, 200, 200, 200, 200, 200, 200, 200, 200, 107, 200, 200, 200, 200, 200, 200, 200, 200, 99, 169, 200, 200, 200, 200, 200, 200, 200, 200, 200, 200, 200, 200, 200, 200, 200, 94, 200, 97, 200, 200, 183, 106, 200, 200, 200, 200, 200, 200, 200, 200, 200, 200, 200, 200, 200, 200, 200, 200, 200, 200, 200, 200, 200, 200, 200, 200, 200, 200, 200, 200, 200, 200, 200, 200, 200, 200, 200, 200, 200, 200, 200, 200, 200, 200, 200]",0.08204262967238131,0.9221234380805222,0.048983531033157245,0.05541913505820455,0.0,0.22500000000000006,5.0000000000000016e-05,9.622793148922664,-0.03359338929375974,9.652688272537723,-0.0383229072055509,0.01643676796694081,1.0182738783859437,0.0
-130.0,-677.0,-281.29,194.5,20,1,72000,72000,72000,72000,4000,4000,72000,72000,False,364,18,062f6_00000,b66eb885e4cc43429169bd88b2aa2a5e,2022-07-08_07-37-00,1657258620,22.167091369628906,397.20954418182373,16572,sassauna2.ee.ethz.ch,129.132.4.155,397.20954418182373,0,18,8.778218746185303,72000,72000,72000,72000,-130.0,-677.0,-281.29,194.5,20,"[-299.0, -263.0, -227.0, -281.0, -140.0, -281.0, -254.0, -335.0, -254.0, -308.0, -344.0, -371.0, -389.0, -177.0, -247.0, -254.0, -263.0, -407.0, -245.0, -317.0, -245.0, -353.0, -245.0, -371.0, -317.0, -263.0, -299.0, -263.0, -335.0, -236.0, -163.0, -362.0, -130.0, -299.0, -245.0, -279.0, -166.0, -371.0, -398.0, -254.0, -281.0, -227.0, -362.0, -236.0, -326.0, -317.0, -227.0, -227.0, -308.0, -236.0, -389.0, -281.0, -578.0, -227.0, -254.0, -227.0, -209.0, -299.0, -218.0, -236.0, -263.0, -263.0, -344.0, -254.0, -209.0, -236.0, -326.0, -326.0, -290.0, -218.0, -236.0, -344.0, -254.0, -317.0, -371.0, -236.0, -209.0, -299.0, -218.0, -254.0, -335.0, -327.0, -218.0, -236.0, -308.0, -218.0, -227.0, -218.0, -245.0, -254.0, -236.0, -362.0, -254.0, -677.0, -344.0, -317.0, -218.0, -254.0, -227.0, -272.0]","[200, 200, 200, 200, 107, 200, 200, 200, 200, 200, 200, 200, 200, 99, 169, 200, 200, 200, 200, 200, 200, 200, 200, 200, 200, 200, 200, 200, 200, 200, 94, 200, 97, 200, 200, 183, 106, 200, 200, 200, 200, 200, 200, 200, 200, 200, 200, 200, 200, 200, 200, 200, 200, 200, 200, 200, 200, 200, 200, 200, 200, 200, 200, 200, 200, 200, 200, 200, 200, 200, 200, 200, 200, 200, 200, 200, 200, 200, 200, 200, 200, 195, 200, 200, 200, 200, 200, 200, 200, 200, 200, 200, 200, 200, 200, 200, 200, 200, 200, 200]",0.08238717702222045,0.9239579699663005,0.0490694336569258,0.05551262197295625,0.0,21829.053,6.139,651595.509,17206.594,232.469,4.804,72000,72000,72000,72000,4.064516129032258,8.699999999999998,"[-299.0, -263.0, -227.0, -281.0, -140.0, -281.0, -254.0, -335.0, -254.0, -308.0, -344.0, -371.0, -389.0, -177.0, -247.0, -254.0, -263.0, -407.0, -245.0, -317.0, -245.0, -353.0, -245.0, -371.0, -317.0, -263.0, -299.0, -263.0, -335.0, -236.0, -163.0, -362.0, -130.0, -299.0, -245.0, -279.0, -166.0, -371.0, -398.0, -254.0, -281.0, -227.0, -362.0, -236.0, -326.0, -317.0, -227.0, -227.0, -308.0, -236.0, -389.0, -281.0, -578.0, -227.0, -254.0, -227.0, -209.0, -299.0, -218.0, -236.0, -263.0, -263.0, -344.0, -254.0, -209.0, -236.0, -326.0, -326.0, -290.0, -218.0, -236.0, -344.0, -254.0, -317.0, -371.0, -236.0, -209.0, -299.0, -218.0, -254.0, -335.0, -327.0, -218.0, -236.0, -308.0, -218.0, -227.0, -218.0, -245.0, -254.0, -236.0, -362.0, -254.0, -677.0, -344.0, -317.0, -218.0, -254.0, -227.0, -272.0]","[200, 200, 200, 200, 107, 200, 200, 200, 200, 200, 200, 200, 200, 99, 169, 200, 200, 200, 200, 200, 200, 200, 200, 200, 200, 200, 200, 200, 200, 200, 94, 200, 97, 200, 200, 183, 106, 200, 200, 200, 200, 200, 200, 200, 200, 200, 200, 200, 200, 200, 200, 200, 200, 200, 200, 200, 200, 200, 200, 200, 200, 200, 200, 200, 200, 200, 200, 200, 200, 200, 200, 200, 200, 200, 200, 200, 200, 200, 200, 200, 200, 195, 200, 200, 200, 200, 200, 200, 200, 200, 200, 200, 200, 200, 200, 200, 200, 200, 200, 200]",0.08238717702222045,0.9239579699663005,0.0490694336569258,0.05551262197295625,0.0,0.22500000000000006,5.0000000000000016e-05,9.535964310041038,-0.029399727409084638,9.561840681875905,-0.06982264259169178,0.015659376225611324,0.9330896027306075,0.0
-83.0,-677.0,-273.82,195.52,20,1,76000,76000,76000,76000,4000,4000,76000,76000,False,384,19,062f6_00000,b66eb885e4cc43429169bd88b2aa2a5e,2022-07-08_07-37-19,1657258639,19.578763723373413,416.78830790519714,16572,sassauna2.ee.ethz.ch,129.132.4.155,416.78830790519714,0,19,8.778218746185303,76000,76000,76000,76000,-83.0,-677.0,-273.82,195.52,20,"[-245.0, -353.0, -245.0, -371.0, -317.0, -263.0, -299.0, -263.0, -335.0, -236.0, -163.0, -362.0, -130.0, -299.0, -245.0, -279.0, -166.0, -371.0, -398.0, -254.0, -281.0, -227.0, -362.0, -236.0, -326.0, -317.0, -227.0, -227.0, -308.0, -236.0, -389.0, -281.0, -578.0, -227.0, -254.0, -227.0, -209.0, -299.0, -218.0, -236.0, -263.0, -263.0, -344.0, -254.0, -209.0, -236.0, -326.0, -326.0, -290.0, -218.0, -236.0, -344.0, -254.0, -317.0, -371.0, -236.0, -209.0, -299.0, -218.0, -254.0, -335.0, -327.0, -218.0, -236.0, -308.0, -218.0, -227.0, -218.0, -245.0, -254.0, -236.0, -362.0, -254.0, -677.0, -344.0, -317.0, -218.0, -254.0, -227.0, -272.0, -200.0, -218.0, -236.0, -254.0, -83.0, -290.0, -245.0, -227.0, -281.0, -290.0, -272.0, -209.0, -308.0, -263.0, -245.0, -200.0, -335.0, -263.0, -209.0, -281.0]","[200, 200, 200, 200, 200, 200, 200, 200, 200, 200, 94, 200, 97, 200, 200, 183, 106, 200, 200, 200, 200, 200, 200, 200, 200, 200, 200, 200, 200, 200, 200, 200, 200, 200, 200, 200, 200, 200, 200, 200, 200, 200, 200, 200, 200, 200, 200, 200, 200, 200, 200, 200, 200, 200, 200, 200, 200, 200, 200, 200, 200, 195, 200, 200, 200, 200, 200, 200, 200, 200, 200, 200, 200, 200, 200, 200, 200, 200, 200, 200, 200, 200, 200, 200, 77, 200, 200, 200, 200, 200, 200, 200, 200, 200, 200, 200, 200, 200, 200, 200]",0.08274062271594074,0.9261306069653642,0.04917123121630503,0.055629371047430806,0.0,21464.349,6.124,653132.715,16818.387,237.835,4.7,76000,76000,76000,76000,3.9821428571428577,8.699999999999998,"[-245.0, -353.0, -245.0, -371.0, -317.0, -263.0, -299.0, -263.0, -335.0, -236.0, -163.0, -362.0, -130.0, -299.0, -245.0, -279.0, -166.0, -371.0, -398.0, -254.0, -281.0, -227.0, -362.0, -236.0, -326.0, -317.0, -227.0, -227.0, -308.0, -236.0, -389.0, -281.0, -578.0, -227.0, -254.0, -227.0, -209.0, -299.0, -218.0, -236.0, -263.0, -263.0, -344.0, -254.0, -209.0, -236.0, -326.0, -326.0, -290.0, -218.0, -236.0, -344.0, -254.0, -317.0, -371.0, -236.0, -209.0, -299.0, -218.0, -254.0, -335.0, -327.0, -218.0, -236.0, -308.0, -218.0, -227.0, -218.0, -245.0, -254.0, -236.0, -362.0, -254.0, -677.0, -344.0, -317.0, -218.0, -254.0, -227.0, -272.0, -200.0, -218.0, -236.0, -254.0, -83.0, -290.0, -245.0, -227.0, -281.0, -290.0, -272.0, -209.0, -308.0, -263.0, -245.0, -200.0, -335.0, -263.0, -209.0, -281.0]","[200, 200, 200, 200, 200, 200, 200, 200, 200, 200, 94, 200, 97, 200, 200, 183, 106, 200, 200, 200, 200, 200, 200, 200, 200, 200, 200, 200, 200, 200, 200, 200, 200, 200, 200, 200, 200, 200, 200, 200, 200, 200, 200, 200, 200, 200, 200, 200, 200, 200, 200, 200, 200, 200, 200, 200, 200, 200, 200, 200, 200, 195, 200, 200, 200, 200, 200, 200, 200, 200, 200, 200, 200, 200, 200, 200, 200, 200, 200, 200, 200, 200, 200, 200, 77, 200, 200, 200, 200, 200, 200, 200, 200, 200, 200, 200, 200, 200, 200, 200]",0.08274062271594074,0.9261306069653642,0.04917123121630503,0.055629371047430806,0.0,0.22500000000000006,5.0000000000000016e-05,9.57342487714624,-0.031766558226238015,9.601563941791493,-0.08519351687482608,0.016122115622241646,0.8385988971879406,0.0
-83.0,-677.0,-265.73,197.63,21,1,80000,80000,80000,80000,4000,4000,80000,80000,False,405,20,062f6_00000,b66eb885e4cc43429169bd88b2aa2a5e,2022-07-08_07-37-42,1657258662,22.212329626083374,439.0006375312805,16572,sassauna2.ee.ethz.ch,129.132.4.155,439.0006375312805,0,20,8.778218746185303,80000,80000,80000,80000,-83.0,-677.0,-265.73,197.63,21,"[-227.0, -362.0, -236.0, -326.0, -317.0, -227.0, -227.0, -308.0, -236.0, -389.0, -281.0, -578.0, -227.0, -254.0, -227.0, -209.0, -299.0, -218.0, -236.0, -263.0, -263.0, -344.0, -254.0, -209.0, -236.0, -326.0, -326.0, -290.0, -218.0, -236.0, -344.0, -254.0, -317.0, -371.0, -236.0, -209.0, -299.0, -218.0, -254.0, -335.0, -327.0, -218.0, -236.0, -308.0, -218.0, -227.0, -218.0, -245.0, -254.0, -236.0, -362.0, -254.0, -677.0, -344.0, -317.0, -218.0, -254.0, -227.0, -272.0, -200.0, -218.0, -236.0, -254.0, -83.0, -290.0, -245.0, -227.0, -281.0, -290.0, -272.0, -209.0, -308.0, -263.0, -245.0, -200.0, -335.0, -263.0, -209.0, -281.0, -272.0, -209.0, -227.0, -200.0, -227.0, -380.0, -209.0, -218.0, -290.0, -281.0, -407.0, -236.0, -110.0, -200.0, -209.0, -281.0, -202.0, -200.0, -236.0, -272.0, -200.0]","[200, 200, 200, 200, 200, 200, 200, 200, 200, 200, 200, 200, 200, 200, 200, 200, 200, 200, 200, 200, 200, 200, 200, 200, 200, 200, 200, 200, 200, 200, 200, 200, 200, 200, 200, 200, 200, 200, 200, 200, 195, 200, 200, 200, 200, 200, 200, 200, 200, 200, 200, 200, 200, 200, 200, 200, 200, 200, 200, 200, 200, 200, 200, 77, 200, 200, 200, 200, 200, 200, 200, 200, 200, 200, 200, 200, 200, 200, 200, 200, 200, 200, 200, 200, 200, 200, 200, 200, 200, 200, 200, 113, 200, 200, 200, 178, 200, 200, 200, 200]",0.08324011174183144,0.9302879324042144,0.04936881847209494,0.05585149023184144,0.0,21400.764,6.282,636754.82,16672.739,239.913,4.743,80000,80000,80000,80000,4.01875,8.7,"[-227.0, -362.0, -236.0, -326.0, -317.0, -227.0, -227.0, -308.0, -236.0, -389.0, -281.0, -578.0, -227.0, -254.0, -227.0, -209.0, -299.0, -218.0, -236.0, -263.0, -263.0, -344.0, -254.0, -209.0, -236.0, -326.0, -326.0, -290.0, -218.0, -236.0, -344.0, -254.0, -317.0, -371.0, -236.0, -209.0, -299.0, -218.0, -254.0, -335.0, -327.0, -218.0, -236.0, -308.0, -218.0, -227.0, -218.0, -245.0, -254.0, -236.0, -362.0, -254.0, -677.0, -344.0, -317.0, -218.0, -254.0, -227.0, -272.0, -200.0, -218.0, -236.0, -254.0, -83.0, -290.0, -245.0, -227.0, -281.0, -290.0, -272.0, -209.0, -308.0, -263.0, -245.0, -200.0, -335.0, -263.0, -209.0, -281.0, -272.0, -209.0, -227.0, -200.0, -227.0, -380.0, -209.0, -218.0, -290.0, -281.0, -407.0, -236.0, -110.0, -200.0, -209.0, -281.0, -202.0, -200.0, -236.0, -272.0, -200.0]","[200, 200, 200, 200, 200, 200, 200, 200, 200, 200, 200, 200, 200, 200, 200, 200, 200, 200, 200, 200, 200, 200, 200, 200, 200, 200, 200, 200, 200, 200, 200, 200, 200, 200, 200, 200, 200, 200, 200, 200, 195, 200, 200, 200, 200, 200, 200, 200, 200, 200, 200, 200, 200, 200, 200, 200, 200, 200, 200, 200, 200, 200, 200, 77, 200, 200, 200, 200, 200, 200, 200, 200, 200, 200, 200, 200, 200, 200, 200, 200, 200, 200, 200, 200, 200, 200, 200, 200, 200, 200, 200, 113, 200, 200, 200, 178, 200, 200, 200, 200]",0.08324011174183144,0.9302879324042144,0.04936881847209494,0.05585149023184144,0.0,0.22500000000000006,5.0000000000000016e-05,9.424361783714705,-0.03213412855421343,9.45358238732943,-0.09555371185784699,0.012949065339073168,0.8198043698585161,0.0
-57.0,-677.0,-255.01,195.01,21,1,84000,84000,84000,84000,4000,4000,84000,84000,False,426,21,062f6_00000,b66eb885e4cc43429169bd88b2aa2a5e,2022-07-08_07-38-06,1657258686,23.942238092422485,462.942875623703,16572,sassauna2.ee.ethz.ch,129.132.4.155,462.942875623703,0,21,8.778218746185303,84000,84000,84000,84000,-57.0,-677.0,-255.01,195.01,21,"[-344.0, -254.0, -209.0, -236.0, -326.0, -326.0, -290.0, -218.0, -236.0, -344.0, -254.0, -317.0, -371.0, -236.0, -209.0, -299.0, -218.0, -254.0, -335.0, -327.0, -218.0, -236.0, -308.0, -218.0, -227.0, -218.0, -245.0, -254.0, -236.0, -362.0, -254.0, -677.0, -344.0, -317.0, -218.0, -254.0, -227.0, -272.0, -200.0, -218.0, -236.0, -254.0, -83.0, -290.0, -245.0, -227.0, -281.0, -290.0, -272.0, -209.0, -308.0, -263.0, -245.0, -200.0, -335.0, -263.0, -209.0, -281.0, -272.0, -209.0, -227.0, -200.0, -227.0, -380.0, -209.0, -218.0, -290.0, -281.0, -407.0, -236.0, -110.0, -200.0, -209.0, -281.0, -202.0, -200.0, -236.0, -272.0, -200.0, -57.0, -227.0, -245.0, -245.0, -218.0, -264.0, -209.0, -209.0, -227.0, -281.0, -425.0, -218.0, -218.0, -116.0, -227.0, -263.0, -308.0, -209.0, -218.0, -236.0, -218.0]","[200, 200, 200, 200, 200, 200, 200, 200, 200, 200, 200, 200, 200, 200, 200, 200, 200, 200, 200, 195, 200, 200, 200, 200, 200, 200, 200, 200, 200, 200, 200, 200, 200, 200, 200, 200, 200, 200, 200, 200, 200, 200, 77, 200, 200, 200, 200, 200, 200, 200, 200, 200, 200, 200, 200, 200, 200, 200, 200, 200, 200, 200, 200, 200, 200, 200, 200, 200, 200, 200, 113, 200, 200, 200, 178, 200, 200, 200, 200, 69, 200, 200, 200, 200, 168, 200, 200, 200, 200, 200, 200, 200, 101, 200, 200, 200, 200, 200, 200, 200]",0.0837002201427778,0.9339170374934873,0.04955456953888307,0.05606189654393302,0.0,21567.203,5.97,670072.81,16836.326,237.582,4.664,84000,84000,84000,84000,4.03529411764706,8.7,"[-344.0, -254.0, -209.0, -236.0, -326.0, -326.0, -290.0, -218.0, -236.0, -344.0, -254.0, -317.0, -371.0, -236.0, -209.0, -299.0, -218.0, -254.0, -335.0, -327.0, -218.0, -236.0, -308.0, -218.0, -227.0, -218.0, -245.0, -254.0, -236.0, -362.0, -254.0, -677.0, -344.0, -317.0, -218.0, -254.0, -227.0, -272.0, -200.0, -218.0, -236.0, -254.0, -83.0, -290.0, -245.0, -227.0, -281.0, -290.0, -272.0, -209.0, -308.0, -263.0, -245.0, -200.0, -335.0, -263.0, -209.0, -281.0, -272.0, -209.0, -227.0, -200.0, -227.0, -380.0, -209.0, -218.0, -290.0, -281.0, -407.0, -236.0, -110.0, -200.0, -209.0, -281.0, -202.0, -200.0, -236.0, -272.0, -200.0, -57.0, -227.0, -245.0, -245.0, -218.0, -264.0, -209.0, -209.0, -227.0, -281.0, -425.0, -218.0, -218.0, -116.0, -227.0, -263.0, -308.0, -209.0, -218.0, -236.0, -218.0]","[200, 200, 200, 200, 200, 200, 200, 200, 200, 200, 200, 200, 200, 200, 200, 200, 200, 200, 200, 195, 200, 200, 200, 200, 200, 200, 200, 200, 200, 200, 200, 200, 200, 200, 200, 200, 200, 200, 200, 200, 200, 200, 77, 200, 200, 200, 200, 200, 200, 200, 200, 200, 200, 200, 200, 200, 200, 200, 200, 200, 200, 200, 200, 200, 200, 200, 200, 200, 200, 200, 113, 200, 200, 200, 178, 200, 200, 200, 200, 69, 200, 200, 200, 200, 168, 200, 200, 200, 200, 200, 200, 200, 101, 200, 200, 200, 200, 200, 200, 200]",0.0837002201427778,0.9339170374934873,0.04955456953888307,0.05606189654393302,0.0,0.22500000000000006,5.0000000000000016e-05,9.496252182478546,-0.029572294698527422,9.523218738391835,-0.06405346403198857,0.011580970675626974,0.8369087146815434,0.0
-57.0,-677.0,-247.8,195.06,20,1,88000,88000,88000,88000,4000,4000,88000,88000,False,446,22,062f6_00000,b66eb885e4cc43429169bd88b2aa2a5e,2022-07-08_07-38-27,1657258707,20.92948055267334,483.87235617637634,16572,sassauna2.ee.ethz.ch,129.132.4.155,483.87235617637634,0,22,8.778218746185303,88000,88000,88000,88000,-57.0,-677.0,-247.8,195.06,20,"[-218.0, -236.0, -308.0, -218.0, -227.0, -218.0, -245.0, -254.0, -236.0, -362.0, -254.0, -677.0, -344.0, -317.0, -218.0, -254.0, -227.0, -272.0, -200.0, -218.0, -236.0, -254.0, -83.0, -290.0, -245.0, -227.0, -281.0, -290.0, -272.0, -209.0, -308.0, -263.0, -245.0, -200.0, -335.0, -263.0, -209.0, -281.0, -272.0, -209.0, -227.0, -200.0, -227.0, -380.0, -209.0, -218.0, -290.0, -281.0, -407.0, -236.0, -110.0, -200.0, -209.0, -281.0, -202.0, -200.0, -236.0, -272.0, -200.0, -57.0, -227.0, -245.0, -245.0, -218.0, -264.0, -209.0, -209.0, -227.0, -281.0, -425.0, -218.0, -218.0, -116.0, -227.0, -263.0, -308.0, -209.0, -218.0, -236.0, -218.0, -281.0, -236.0, -209.0, -227.0, -200.0, -353.0, -236.0, -209.0, -272.0, -317.0, -227.0, -200.0, -218.0, -209.0, -380.0, -200.0, -218.0, -245.0, -209.0, -236.0]","[200, 200, 200, 200, 200, 200, 200, 200, 200, 200, 200, 200, 200, 200, 200, 200, 200, 200, 200, 200, 200, 200, 77, 200, 200, 200, 200, 200, 200, 200, 200, 200, 200, 200, 200, 200, 200, 200, 200, 200, 200, 200, 200, 200, 200, 200, 200, 200, 200, 200, 113, 200, 200, 200, 178, 200, 200, 200, 200, 69, 200, 200, 200, 200, 168, 200, 200, 200, 200, 200, 200, 200, 101, 200, 200, 200, 200, 200, 200, 200, 200, 200, 200, 200, 200, 200, 200, 200, 200, 200, 200, 200, 200, 200, 200, 200, 200, 200, 200, 200]",0.08405868896014784,0.9366557982087909,0.0496919811113333,0.056217823303146,0.0,21369.643,5.996,667117.954,16609.045,240.833,4.581,88000,88000,88000,88000,4.000000000000001,8.699999999999998,"[-218.0, -236.0, -308.0, -218.0, -227.0, -218.0, -245.0, -254.0, -236.0, -362.0, -254.0, -677.0, -344.0, -317.0, -218.0, -254.0, -227.0, -272.0, -200.0, -218.0, -236.0, -254.0, -83.0, -290.0, -245.0, -227.0, -281.0, -290.0, -272.0, -209.0, -308.0, -263.0, -245.0, -200.0, -335.0, -263.0, -209.0, -281.0, -272.0, -209.0, -227.0, -200.0, -227.0, -380.0, -209.0, -218.0, -290.0, -281.0, -407.0, -236.0, -110.0, -200.0, -209.0, -281.0, -202.0, -200.0, -236.0, -272.0, -200.0, -57.0, -227.0, -245.0, -245.0, -218.0, -264.0, -209.0, -209.0, -227.0, -281.0, -425.0, -218.0, -218.0, -116.0, -227.0, -263.0, -308.0, -209.0, -218.0, -236.0, -218.0, -281.0, -236.0, -209.0, -227.0, -200.0, -353.0, -236.0, -209.0, -272.0, -317.0, -227.0, -200.0, -218.0, -209.0, -380.0, -200.0, -218.0, -245.0, -209.0, -236.0]","[200, 200, 200, 200, 200, 200, 200, 200, 200, 200, 200, 200, 200, 200, 200, 200, 200, 200, 200, 200, 200, 200, 77, 200, 200, 200, 200, 200, 200, 200, 200, 200, 200, 200, 200, 200, 200, 200, 200, 200, 200, 200, 200, 200, 200, 200, 200, 200, 200, 200, 113, 200, 200, 200, 178, 200, 200, 200, 200, 69, 200, 200, 200, 200, 168, 200, 200, 200, 200, 200, 200, 200, 101, 200, 200, 200, 200, 200, 200, 200, 200, 200, 200, 200, 200, 200, 200, 200, 200, 200, 200, 200, 200, 200, 200, 200, 200, 200, 200, 200]",0.08405868896014784,0.9366557982087909,0.0496919811113333,0.056217823303146,0.0,0.22500000000000006,5.0000000000000016e-05,9.406602737467775,-0.0331549013293879,9.437035115559896,-0.041608162304406525,0.012100153713849081,0.6862168434807049,0.0
-46.0,-425.0,-236.16,192.48,21,1,92000,92000,92000,92000,4000,4000,92000,92000,False,467,23,062f6_00000,b66eb885e4cc43429169bd88b2aa2a5e,2022-07-08_07-38-50,1657258730,23.38457465171814,507.2569308280945,16572,sassauna2.ee.ethz.ch,129.132.4.155,507.2569308280945,0,23,8.778218746185303,92000,92000,92000,92000,-46.0,-425.0,-236.16,192.48,21,"[-254.0, -83.0, -290.0, -245.0, -227.0, -281.0, -290.0, -272.0, -209.0, -308.0, -263.0, -245.0, -200.0, -335.0, -263.0, -209.0, -281.0, -272.0, -209.0, -227.0, -200.0, -227.0, -380.0, -209.0, -218.0, -290.0, -281.0, -407.0, -236.0, -110.0, -200.0, -209.0, -281.0, -202.0, -200.0, -236.0, -272.0, -200.0, -57.0, -227.0, -245.0, -245.0, -218.0, -264.0, -209.0, -209.0, -227.0, -281.0, -425.0, -218.0, -218.0, -116.0, -227.0, -263.0, -308.0, -209.0, -218.0, -236.0, -218.0, -281.0, -236.0, -209.0, -227.0, -200.0, -353.0, -236.0, -209.0, -272.0, -317.0, -227.0, -200.0, -218.0, -209.0, -380.0, -200.0, -218.0, -245.0, -209.0, -236.0, -200.0, -200.0, -218.0, -209.0, -272.0, -209.0, -200.0, -245.0, -272.0, -200.0, -218.0, -99.0, -46.0, -263.0, -245.0, -290.0, -245.0, -218.0, -236.0, -272.0, -218.0]","[200, 77, 200, 200, 200, 200, 200, 200, 200, 200, 200, 200, 200, 200, 200, 200, 200, 200, 200, 200, 200, 200, 200, 200, 200, 200, 200, 200, 200, 113, 200, 200, 200, 178, 200, 200, 200, 200, 69, 200, 200, 200, 200, 168, 200, 200, 200, 200, 200, 200, 200, 101, 200, 200, 200, 200, 200, 200, 200, 200, 200, 200, 200, 200, 200, 200, 200, 200, 200, 200, 200, 200, 200, 200, 200, 200, 200, 200, 200, 200, 200, 200, 200, 200, 200, 200, 200, 200, 200, 200, 93, 49, 200, 200, 200, 200, 200, 200, 200, 200]",0.08438034832601307,0.9402220802806213,0.0498170355470119,0.05637022720462636,0.0,21459.037,5.977,669252.212,16631.527,240.507,4.577,92000,92000,92000,92000,4.005882352941177,8.7,"[-254.0, -83.0, -290.0, -245.0, -227.0, -281.0, -290.0, -272.0, -209.0, -308.0, -263.0, -245.0, -200.0, -335.0, -263.0, -209.0, -281.0, -272.0, -209.0, -227.0, -200.0, -227.0, -380.0, -209.0, -218.0, -290.0, -281.0, -407.0, -236.0, -110.0, -200.0, -209.0, -281.0, -202.0, -200.0, -236.0, -272.0, -200.0, -57.0, -227.0, -245.0, -245.0, -218.0, -264.0, -209.0, -209.0, -227.0, -281.0, -425.0, -218.0, -218.0, -116.0, -227.0, -263.0, -308.0, -209.0, -218.0, -236.0, -218.0, -281.0, -236.0, -209.0, -227.0, -200.0, -353.0, -236.0, -209.0, -272.0, -317.0, -227.0, -200.0, -218.0, -209.0, -380.0, -200.0, -218.0, -245.0, -209.0, -236.0, -200.0, -200.0, -218.0, -209.0, -272.0, -209.0, -200.0, -245.0, -272.0, -200.0, -218.0, -99.0, -46.0, -263.0, -245.0, -290.0, -245.0, -218.0, -236.0, -272.0, -218.0]","[200, 77, 200, 200, 200, 200, 200, 200, 200, 200, 200, 200, 200, 200, 200, 200, 200, 200, 200, 200, 200, 200, 200, 200, 200, 200, 200, 200, 200, 113, 200, 200, 200, 178, 200, 200, 200, 200, 69, 200, 200, 200, 200, 168, 200, 200, 200, 200, 200, 200, 200, 101, 200, 200, 200, 200, 200, 200, 200, 200, 200, 200, 200, 200, 200, 200, 200, 200, 200, 200, 200, 200, 200, 200, 200, 200, 200, 200, 200, 200, 200, 200, 200, 200, 200, 200, 200, 200, 200, 200, 93, 49, 200, 200, 200, 200, 200, 200, 200, 200]",0.08438034832601307,0.9402220802806213,0.0498170355470119,0.05637022720462636,0.0,0.22500000000000006,5.0000000000000016e-05,9.508950123222926,-0.028808441760158666,9.534607068953976,-0.07603455147435588,0.014006899662544077,0.7429274169027165,0.0
-46.0,-425.0,-230.31,193.71,20,1,96000,96000,96000,96000,4000,4000,96000,96000,False,487,24,062f6_00000,b66eb885e4cc43429169bd88b2aa2a5e,2022-07-08_07-39-12,1657258752,21.489020347595215,528.7459511756897,16572,sassauna2.ee.ethz.ch,129.132.4.155,528.7459511756897,0,24,8.778218746185303,96000,96000,96000,96000,-46.0,-425.0,-230.31,193.71,20,"[-200.0, -227.0, -380.0, -209.0, -218.0, -290.0, -281.0, -407.0, -236.0, -110.0, -200.0, -209.0, -281.0, -202.0, -200.0, -236.0, -272.0, -200.0, -57.0, -227.0, -245.0, -245.0, -218.0, -264.0, -209.0, -209.0, -227.0, -281.0, -425.0, -218.0, -218.0, -116.0, -227.0, -263.0, -308.0, -209.0, -218.0, -236.0, -218.0, -281.0, -236.0, -209.0, -227.0, -200.0, -353.0, -236.0, -209.0, -272.0, -317.0, -227.0, -200.0, -218.0, -209.0, -380.0, -200.0, -218.0, -245.0, -209.0, -236.0, -200.0, -200.0, -218.0, -209.0, -272.0, -209.0, -200.0, -245.0, -272.0, -200.0, -218.0, -99.0, -46.0, -263.0, -245.0, -290.0, -245.0, -218.0, -236.0, -272.0, -218.0, -218.0, -218.0, -209.0, -200.0, -200.0, -200.0, -209.0, -200.0, -227.0, -218.0, -227.0, -272.0, -218.0, -209.0, -227.0, -209.0, -209.0, -218.0, -209.0, -281.0]","[200, 200, 200, 200, 200, 200, 200, 200, 200, 113, 200, 200, 200, 178, 200, 200, 200, 200, 69, 200, 200, 200, 200, 168, 200, 200, 200, 200, 200, 200, 200, 101, 200, 200, 200, 200, 200, 200, 200, 200, 200, 200, 200, 200, 200, 200, 200, 200, 200, 200, 200, 200, 200, 200, 200, 200, 200, 200, 200, 200, 200, 200, 200, 200, 200, 200, 200, 200, 200, 200, 93, 49, 200, 200, 200, 200, 200, 200, 200, 200, 200, 200, 200, 200, 200, 200, 200, 200, 200, 200, 200, 200, 200, 200, 200, 200, 200, 200, 200, 200]",0.08468724656702094,0.9439988757501533,0.049942533039598974,0.05652551314288031,0.0,21745.923,6.041,662167.914,16856.707,237.294,4.602,96000,96000,96000,96000,3.9935483870967743,8.699999999999998,"[-200.0, -227.0, -380.0, -209.0, -218.0, -290.0, -281.0, -407.0, -236.0, -110.0, -200.0, -209.0, -281.0, -202.0, -200.0, -236.0, -272.0, -200.0, -57.0, -227.0, -245.0, -245.0, -218.0, -264.0, -209.0, -209.0, -227.0, -281.0, -425.0, -218.0, -218.0, -116.0, -227.0, -263.0, -308.0, -209.0, -218.0, -236.0, -218.0, -281.0, -236.0, -209.0, -227.0, -200.0, -353.0, -236.0, -209.0, -272.0, -317.0, -227.0, -200.0, -218.0, -209.0, -380.0, -200.0, -218.0, -245.0, -209.0, -236.0, -200.0, -200.0, -218.0, -209.0, -272.0, -209.0, -200.0, -245.0, -272.0, -200.0, -218.0, -99.0, -46.0, -263.0, -245.0, -290.0, -245.0, -218.0, -236.0, -272.0, -218.0, -218.0, -218.0, -209.0, -200.0, -200.0, -200.0, -209.0, -200.0, -227.0, -218.0, -227.0, -272.0, -218.0, -209.0, -227.0, -209.0, -209.0, -218.0, -209.0, -281.0]","[200, 200, 200, 200, 200, 200, 200, 200, 200, 113, 200, 200, 200, 178, 200, 200, 200, 200, 69, 200, 200, 200, 200, 168, 200, 200, 200, 200, 200, 200, 200, 101, 200, 200, 200, 200, 200, 200, 200, 200, 200, 200, 200, 200, 200, 200, 200, 200, 200, 200, 200, 200, 200, 200, 200, 200, 200, 200, 200, 200, 200, 200, 200, 200, 200, 200, 200, 200, 200, 200, 93, 49, 200, 200, 200, 200, 200, 200, 200, 200, 200, 200, 200, 200, 200, 200, 200, 200, 200, 200, 200, 200, 200, 200, 200, 200, 200, 200, 200, 200]",0.08468724656702094,0.9439988757501533,0.049942533039598974,0.05652551314288031,0.0,0.22500000000000006,5.0000000000000016e-05,9.644090489418275,-0.026488907526056933,9.667812861165693,-0.10633202932214224,0.01229567904217124,0.6644906664567609,0.0
-19.0,-425.0,-230.45,194.51,21,1,100000,100000,100000,100000,4000,4000,100000,100000,False,508,25,062f6_00000,b66eb885e4cc43429169bd88b2aa2a5e,2022-07-08_07-39-36,1657258776,24.07632350921631,552.822274684906,16572,sassauna2.ee.ethz.ch,129.132.4.155,552.822274684906,0,25,8.778218746185303,100000,100000,100000,100000,-19.0,-425.0,-230.45,194.51,21,"[-245.0, -218.0, -264.0, -209.0, -209.0, -227.0, -281.0, -425.0, -218.0, -218.0, -116.0, -227.0, -263.0, -308.0, -209.0, -218.0, -236.0, -218.0, -281.0, -236.0, -209.0, -227.0, -200.0, -353.0, -236.0, -209.0, -272.0, -317.0, -227.0, -200.0, -218.0, -209.0, -380.0, -200.0, -218.0, -245.0, -209.0, -236.0, -200.0, -200.0, -218.0, -209.0, -272.0, -209.0, -200.0, -245.0, -272.0, -200.0, -218.0, -99.0, -46.0, -263.0, -245.0, -290.0, -245.0, -218.0, -236.0, -272.0, -218.0, -218.0, -218.0, -209.0, -200.0, -200.0, -200.0, -209.0, -200.0, -227.0, -218.0, -227.0, -272.0, -218.0, -209.0, -227.0, -209.0, -209.0, -218.0, -209.0, -281.0, -299.0, -227.0, -227.0, -245.0, -245.0, -227.0, -200.0, -209.0, -19.0, -344.0, -200.0, -236.0, -218.0, -218.0, -317.0, -254.0, -272.0, -209.0, -272.0, -236.0, -227.0]","[200, 200, 168, 200, 200, 200, 200, 200, 200, 200, 101, 200, 200, 200, 200, 200, 200, 200, 200, 200, 200, 200, 200, 200, 200, 200, 200, 200, 200, 200, 200, 200, 200, 200, 200, 200, 200, 200, 200, 200, 200, 200, 200, 200, 200, 200, 200, 200, 200, 93, 49, 200, 200, 200, 200, 200, 200, 200, 200, 200, 200, 200, 200, 200, 200, 200, 200, 200, 200, 200, 200, 200, 200, 200, 200, 200, 200, 200, 200, 200, 200, 200, 200, 200, 200, 200, 200, 40, 200, 200, 200, 200, 200, 200, 200, 200, 200, 200, 200, 200]",0.08501113796816825,0.9478556167619263,0.05007834447865088,0.05669360250939423,0.0,21904.5,5.855,683125.308,16918.234,236.431,4.767,100000,100000,100000,100000,4.067647058823529,8.7,"[-245.0, -218.0, -264.0, -209.0, -209.0, -227.0, -281.0, -425.0, -218.0, -218.0, -116.0, -227.0, -263.0, -308.0, -209.0, -218.0, -236.0, -218.0, -281.0, -236.0, -209.0, -227.0, -200.0, -353.0, -236.0, -209.0, -272.0, -317.0, -227.0, -200.0, -218.0, -209.0, -380.0, -200.0, -218.0, -245.0, -209.0, -236.0, -200.0, -200.0, -218.0, -209.0, -272.0, -209.0, -200.0, -245.0, -272.0, -200.0, -218.0, -99.0, -46.0, -263.0, -245.0, -290.0, -245.0, -218.0, -236.0, -272.0, -218.0, -218.0, -218.0, -209.0, -200.0, -200.0, -200.0, -209.0, -200.0, -227.0, -218.0, -227.0, -272.0, -218.0, -209.0, -227.0, -209.0, -209.0, -218.0, -209.0, -281.0, -299.0, -227.0, -227.0, -245.0, -245.0, -227.0, -200.0, -209.0, -19.0, -344.0, -200.0, -236.0, -218.0, -218.0, -317.0, -254.0, -272.0, -209.0, -272.0, -236.0, -227.0]","[200, 200, 168, 200, 200, 200, 200, 200, 200, 200, 101, 200, 200, 200, 200, 200, 200, 200, 200, 200, 200, 200, 200, 200, 200, 200, 200, 200, 200, 200, 200, 200, 200, 200, 200, 200, 200, 200, 200, 200, 200, 200, 200, 200, 200, 200, 200, 200, 200, 93, 49, 200, 200, 200, 200, 200, 200, 200, 200, 200, 200, 200, 200, 200, 200, 200, 200, 200, 200, 200, 200, 200, 200, 200, 200, 200, 200, 200, 200, 200, 200, 200, 200, 200, 200, 200, 200, 40, 200, 200, 200, 200, 200, 200, 200, 200, 200, 200, 200, 200]",0.08501113796816825,0.9478556167619263,0.05007834447865088,0.05669360250939423,0.0,0.22500000000000006,5.0000000000000016e-05,9.478277548923288,-0.033165112554386096,9.507938091729278,-0.13863115390782715,0.01557578751463292,0.8180709230963902,0.0
-19.0,-443.0,-227.82,195.18,20,1,104000,104000,104000,104000,4000,4000,104000,104000,False,528,26,062f6_00000,b66eb885e4cc43429169bd88b2aa2a5e,2022-07-08_07-39-59,1657258799,22.903619289398193,575.7258939743042,16572,sassauna2.ee.ethz.ch,129.132.4.155,575.7258939743042,0,26,8.778218746185303,104000,104000,104000,104000,-19.0,-443.0,-227.82,195.18,20,"[-209.0, -227.0, -200.0, -353.0, -236.0, -209.0, -272.0, -317.0, -227.0, -200.0, -218.0, -209.0, -380.0, -200.0, -218.0, -245.0, -209.0, -236.0, -200.0, -200.0, -218.0, -209.0, -272.0, -209.0, -200.0, -245.0, -272.0, -200.0, -218.0, -99.0, -46.0, -263.0, -245.0, -290.0, -245.0, -218.0, -236.0, -272.0, -218.0, -218.0, -218.0, -209.0, -200.0, -200.0, -200.0, -209.0, -200.0, -227.0, -218.0, -227.0, -272.0, -218.0, -209.0, -227.0, -209.0, -209.0, -218.0, -209.0, -281.0, -299.0, -227.0, -227.0, -245.0, -245.0, -227.0, -200.0, -209.0, -19.0, -344.0, -200.0, -236.0, -218.0, -218.0, -317.0, -254.0, -272.0, -209.0, -272.0, -236.0, -227.0, -200.0, -227.0, -443.0, -200.0, -200.0, -281.0, -209.0, -209.0, -209.0, -218.0, -200.0, -209.0, -200.0, -218.0, -263.0, -209.0, -218.0, -151.0, -290.0, -209.0]","[200, 200, 200, 200, 200, 200, 200, 200, 200, 200, 200, 200, 200, 200, 200, 200, 200, 200, 200, 200, 200, 200, 200, 200, 200, 200, 200, 200, 200, 93, 49, 200, 200, 200, 200, 200, 200, 200, 200, 200, 200, 200, 200, 200, 200, 200, 200, 200, 200, 200, 200, 200, 200, 200, 200, 200, 200, 200, 200, 200, 200, 200, 200, 200, 200, 200, 200, 40, 200, 200, 200, 200, 200, 200, 200, 200, 200, 200, 200, 200, 200, 200, 200, 200, 200, 200, 200, 200, 200, 200, 200, 200, 200, 200, 200, 200, 200, 136, 200, 200]",0.08538998472705064,0.952539196930707,0.05025532072756022,0.056906226750411945,0.0,21943.4,5.685,703627.175,16890.584,236.818,4.736,104000,104000,104000,104000,3.984848484848485,8.7,"[-209.0, -227.0, -200.0, -353.0, -236.0, -209.0, -272.0, -317.0, -227.0, -200.0, -218.0, -209.0, -380.0, -200.0, -218.0, -245.0, -209.0, -236.0, -200.0, -200.0, -218.0, -209.0, -272.0, -209.0, -200.0, -245.0, -272.0, -200.0, -218.0, -99.0, -46.0, -263.0, -245.0, -290.0, -245.0, -218.0, -236.0, -272.0, -218.0, -218.0, -218.0, -209.0, -200.0, -200.0, -200.0, -209.0, -200.0, -227.0, -218.0, -227.0, -272.0, -218.0, -209.0, -227.0, -209.0, -209.0, -218.0, -209.0, -281.0, -299.0, -227.0, -227.0, -245.0, -245.0, -227.0, -200.0, -209.0, -19.0, -344.0, -200.0, -236.0, -218.0, -218.0, -317.0, -254.0, -272.0, -209.0, -272.0, -236.0, -227.0, -200.0, -227.0, -443.0, -200.0, -200.0, -281.0, -209.0, -209.0, -209.0, -218.0, -200.0, -209.0, -200.0, -218.0, -263.0, -209.0, -218.0, -151.0, -290.0, -209.0]","[200, 200, 200, 200, 200, 200, 200, 200, 200, 200, 200, 200, 200, 200, 200, 200, 200, 200, 200, 200, 200, 200, 200, 200, 200, 200, 200, 200, 200, 93, 49, 200, 200, 200, 200, 200, 200, 200, 200, 200, 200, 200, 200, 200, 200, 200, 200, 200, 200, 200, 200, 200, 200, 200, 200, 200, 200, 200, 200, 200, 200, 200, 200, 200, 200, 200, 200, 40, 200, 200, 200, 200, 200, 200, 200, 200, 200, 200, 200, 200, 200, 200, 200, 200, 200, 200, 200, 200, 200, 200, 200, 200, 200, 200, 200, 200, 200, 136, 200, 200]",0.08538998472705064,0.952539196930707,0.05025532072756022,0.056906226750411945,0.0,0.22500000000000006,5.0000000000000016e-05,9.447529122137254,-0.033618388773613075,9.478173293349563,-0.12404605781519285,0.01321868692388948,0.7158261072251104,0.0
